,Codes départements,,1,2,3,4,5,6,7,8,9,10,11,12,13,14,15,16,17,18,19,2A,2B,21,22,23,24,25,26,27,28,29,30,31,32,33,34,35,36,37,38,39,40,41,42,43,44,45,46,47,48,49,50,51,52,53,54,55,56,57,58,59,60,61,62,63,64,65,66,67,68,69,70,71,72,73,74,75,76,77,78,79,80,81,82,83,84,85,86,87,88,89,90,91,92,93,94,95,971,972,973,974,975,976,977,978,986,987,988,980,ETR,,
Codes Fédé,Fédérations françaises agréées en 2017,Obs,Ain,Aisne,Allier,Alpes-de-Haute-Provence,Hautes-Alpes,Alpes-Maritimes,Ardèche,Ardennes,Ariège,Aube,Aude,Aveyron,Bouches-du-Rhône,Calvados,Cantal,Charente,Charente-Maritime,Cher,Corrèze,Corse-du-Sud,Haute-Corse,Côte-d'Or,Côtes-d'Armor,Creuse,Dordogne,Doubs,Drôme,Eure,Eure-et-Loir,Finistère,Gard,Haute-Garonne,Gers,Gironde,Hérault,Ille-et-Vilaine,Indre,Indre-et-Loire,Isère,Jura,Landes,Loir-et-Cher,Loire,Haute-Loire,Loire-Atlantique,Loiret,Lot,Lot-et-Garonne,Lozère,Maine-et-Loire,Manche,Marne,Haute-Marne,Mayenne,Meurthe-et-Moselle,Meuse,Morbihan,Moselle,Nièvre,Nord,Oise,Orne,Pas-de-Calais,Puy-de-Dôme,Pyrénées-Atlantiques,Hautes-Pyrénées,Pyrénées-Orientales,Bas-Rhin,Haut-Rhin,Rhône,Haute-Saône,Saône-et-Loire,Sarthe,Savoie,Haute-Savoie,Paris,Seine-Maritime,Seine-et-Marne,Yvelines,Deux-Sèvres,Somme,Tarn,Tarn-et-Garonne,Var,Vaucluse,Vendée,Vienne,Haute-Vienne,Vosges,Yonne,Territoire de Belfort,Essonne,Hauts-de-Seine,Seine-Saint-Denis,Val-de-Marne,Val-d'Oise,Guadeloupe,Martinique,Guyane,La Réunion,Saint-Pierre-et-Miquelon,Mayotte,St Barthélémy,St Martin,Wallis et Futuna,Polynésie Française,Nouvelle Calédonie,Monaco,Autres,Non réparti par département et par région,TOTAL
101,FF d'athlétisme,,,,,,,,,,,,,,,,,,,,,,,,,,,,,,,,,,,,,,,,,,,,,,,,,,,,,,,,,,,,,,,,,,,,,,,,,,,,,,,,,,,,,,,,,,,,,,,,,,,,,,,,,,,,,,,,
,Licences masculines,,1165,1359,640,217,416,2082,560,1501,166,936,714,660,4333,1764,303,851,1558,730,775,473,492,1109,1575,307,782,837,897,1561,1216,1847,1797,2908,302,4229,2068,3658,427,1478,2412,621,938,1086,1650,569,5020,1731,307,618,273,3511,1475,1708,415,1276,1420,419,1894,2005,460,5112,2301,445,3306,1555,1459,797,708,1839,1624,3224,339,1059,2135,874,1697,2262,2877,4148,4617,973,1722,1295,502,2719,1234,2432,917,1120,1291,807,313,3940,3922,2133,3403,3161,1393,1300,508,3111,59,89,15,58,92,526,415,55,92,10,160486
,Licences féminines,,1072,1238,586,187,339,1708,581,1240,132,889,849,647,3829,1504,254,782,1485,693,698,404,319,927,1455,212,668,890,882,1526,1125,1799,1769,2580,348,4255,1994,3339,326,1359,2176,677,901,1063,1709,503,4617,1585,417,531,185,2767,1502,1654,398,1427,1398,344,1791,2040,370,4463,2273,404,3126,1574,1377,657,567,1801,1420,2907,254,942,2028,962,1620,1836,2589,3493,3968,954,1556,1246,554,2559,1174,2315,879,970,1200,535,273,3271,3151,1705,3033,2729,1579,1330,524,2529,40,47,41,124,65,548,315,25,51,4,146532
,Licences non réparties,,0,0,0,0,0,0,0,0,0,0,0,0,0,0,0,0,0,0,0,0,0,0,0,0,0,0,0,0,0,0,0,0,0,0,0,0,0,0,0,0,0,0,0,0,0,0,0,0,0,0,0,0,0,0,0,0,0,0,0,0,0,0,0,0,0,0,0,0,0,0,0,0,0,0,0,0,0,0,0,0,0,0,0,0,0,0,0,0,0,0,0,0,0,0,0,0,0,0,0,0,0,0,0,0,0,0,0,0,0,0,0
,Sous/Total,,2237,2597,1226,404,755,3790,1141,2741,298,1825,1563,1307,8162,3268,557,1633,3043,1423,1473,877,811,2036,3030,519,1450,1727,1779,3087,2341,3646,3566,5488,650,8484,4062,6997,753,2837,4588,1298,1839,2149,3359,1072,9637,3316,724,1149,458,6278,2977,3362,813,2703,2818,763,3685,4045,830,9575,4574,849,6432,3129,2836,1454,1275,3640,3044,6131,593,2001,4163,1836,3317,4098,5466,7641,8585,1927,3278,2541,1056,5278,2408,4747,1796,2090,2491,1342,586,7211,7073,3838,6436,5890,2972,2630,1032,5640,99,136,56,182,157,1074,730,80,143,14,307018
102,FF des sociétés d'aviron,,,,,,,,,,,,,,,,,,,,,,,,,,,,,,,,,,,,,,,,,,,,,,,,,,,,,,,,,,,,,,,,,,,,,,,,,,,,,,,,,,,,,,,,,,,,,,,,,,,,,,,,,,,,,,,,
,Licences masculines,,384,314,169,81,29,703,63,154,5,81,69,42,1089,246,0,208,224,109,50,21,10,86,181,0,231,89,288,118,19,506,222,1053,74,711,466,431,5,254,558,92,201,76,148,11,1089,211,175,334,1,396,141,530,3,183,440,178,295,218,7,644,337,2,277,48,528,5,125,446,128,1401,8,289,52,542,840,712,554,720,1091,30,170,114,228,398,159,78,83,101,75,34,9,442,1046,179,928,413,90,151,42,15,0,0,1,1,0,51,0,136,137,3,27935
,Licences féminines,,293,204,120,71,32,630,59,93,1,56,59,23,703,122,7,123,194,64,59,16,18,73,163,0,206,70,203,106,11,488,163,625,46,469,360,325,0,132,370,70,120,45,81,8,655,117,98,235,2,227,144,445,6,135,309,160,218,175,7,373,193,1,154,45,346,2,138,352,106,978,11,191,31,413,763,371,276,500,622,28,86,57,113,275,93,53,41,59,69,20,3,238,471,125,586,219,65,100,10,9,0,0,0,0,0,40,0,48,91,2,18781
,Licences non réparties,,0,0,0,0,0,0,0,0,0,0,0,0,0,0,0,0,0,0,0,0,0,0,0,0,0,0,0,0,0,0,0,0,0,0,0,0,0,0,0,0,0,0,0,0,0,0,0,0,0,0,0,0,0,0,0,0,0,0,0,0,0,0,0,0,0,0,0,0,0,0,0,0,0,0,0,0,0,0,0,0,0,0,0,0,0,0,0,0,0,0,0,0,0,0,0,0,0,0,0,0,0,0,0,0,0,0,0,0,0,332,332
,Sous/Total,,677,518,289,152,61,1333,122,247,6,137,128,65,1792,368,7,331,418,173,109,37,28,159,344,0,437,159,491,224,30,994,385,1678,120,1180,826,756,5,386,928,162,321,121,229,19,1744,328,273,569,3,623,285,975,9,318,749,338,513,393,14,1017,530,3,431,93,874,7,263,798,234,2379,19,480,83,955,1603,1083,830,1220,1713,58,256,171,341,673,252,131,124,160,144,54,12,680,1517,304,1514,632,155,251,52,24,0,0,1,1,0,91,0,184,228,337,47048
103,FF de badminton,,,,,,,,,,,,,,,,,,,,,,,,,,,,,,,,,,,,,,,,,,,,,,,,,,,,,,,,,,,,,,,,,,,,,,,,,,,,,,,,,,,,,,,,,,,,,,,,,,,,,,,,,,,,,,,,
,Licences masculines,,1307,419,487,291,317,1103,348,391,135,427,300,426,2594,1879,138,454,1192,771,417,3,84,1095,1238,343,643,1031,760,916,1260,1140,1007,2859,268,3618,1405,4634,666,1803,3234,434,736,1030,1186,278,4370,1970,360,512,151,2348,948,843,179,1092,1239,320,1749,1334,173,3604,1170,856,2166,1519,396,124,767,2948,1660,3184,437,552,1373,710,1609,2725,2279,3662,3946,357,746,522,343,1016,843,1399,623,1163,453,439,152,3696,3605,1530,2613,2467,293,208,192,730,0,0,1,1,2,0,329,47,70,0,122182
,Licences féminines,,677,218,339,184,236,613,215,238,76,245,179,248,1357,1057,109,319,733,537,295,4,48,598,783,300,444,742,438,476,783,607,577,1669,140,2184,824,2656,490,1039,1861,286,517,626,685,206,2375,1114,266,293,140,1224,538,442,125,748,743,215,955,830,112,1685,661,626,1050,1032,241,66,437,1748,975,1612,272,310,785,468,942,1301,1262,1925,2070,202,363,308,205,614,465,724,355,836,243,254,77,1914,1849,787,1436,1293,196,114,99,338,0,0,0,0,7,0,200,26,69,0,69420
,Licences non réparties,,0,0,0,0,0,0,0,0,0,0,0,0,0,0,0,0,0,0,0,0,0,0,0,0,0,0,0,0,0,0,0,0,0,0,0,0,0,0,0,0,0,0,0,0,0,0,0,0,0,0,0,0,0,0,0,0,0,0,0,0,0,0,0,0,0,0,0,0,0,0,0,0,0,0,0,0,0,0,0,0,0,0,0,0,0,0,0,0,0,0,0,0,0,0,0,0,0,0,0,0,0,0,0,0,0,0,0,0,0,0,0
,Sous/Total,,1984,637,826,475,553,1716,563,629,211,672,479,674,3951,2936,247,773,1925,1308,712,7,132,1693,2021,643,1087,1773,1198,1392,2043,1747,1584,4528,408,5802,2229,7290,1156,2842,5095,720,1253,1656,1871,484,6745,3084,626,805,291,3572,1486,1285,304,1840,1982,535,2704,2164,285,5289,1831,1482,3216,2551,637,190,1204,4696,2635,4796,709,862,2158,1178,2551,4026,3541,5587,6016,559,1109,830,548,1630,1308,2123,978,1999,696,693,229,5610,5454,2317,4049,3760,489,322,291,1068,0,0,1,1,9,0,529,73,139,0,191602
105,FF de basketball,,,,,,,,,,,,,,,,,,,,,,,,,,,,,,,,,,,,,,,,,,,,,,,,,,,,,,,,,,,,,,,,,,,,,,,,,,,,,,,,,,,,,,,,,,,,,,,,,,,,,,,,,,,,,,,,
,Licences masculines,,3677,1987,1467,641,528,5033,1944,1088,846,920,724,1130,7987,4389,331,1549,2785,1266,817,247,525,2780,2527,591,1859,1227,2349,2828,2124,4170,1890,6698,1217,7497,3719,9050,1003,4048,6434,1014,4924,1783,7845,886,13697,4886,440,3333,88,10286,1654,2609,333,1753,3740,685,4138,2979,988,17462,3655,953,8810,4710,3850,1031,1708,9675,4615,13129,719,2950,4936,1934,2864,4771,6820,7282,8074,1542,1506,1684,1161,3721,2120,5806,2209,3060,1698,1387,473,7132,7228,5583,6955,5933,2177,1562,912,1977,0,1331,0,333,0,578,661,361,0,201,349192
,Licences féminines,,2438,680,728,233,273,1723,1494,501,588,397,244,1331,3090,2213,297,574,1210,858,1018,105,301,1169,1777,454,1188,476,1560,984,836,3052,928,3850,1425,3472,1618,6121,782,1975,4534,584,4260,736,6145,1117,10727,2536,406,2141,39,7945,952,916,113,1909,1264,332,3047,1238,551,8527,1451,499,4102,3007,3331,1219,976,5907,2366,6332,386,1873,2338,834,1499,1440,2855,2349,2555,1499,620,1032,858,1414,1026,6537,857,1560,694,762,215,2526,1945,1842,2268,1892,740,661,393,732,0,517,0,101,0,297,430,194,0,79,188992
,Licences non réparties,,0,0,0,0,0,0,0,0,0,0,0,0,0,0,0,0,0,0,0,0,0,0,0,0,0,0,0,0,0,0,0,0,0,0,0,0,0,0,0,0,0,0,0,0,0,0,0,0,0,0,0,0,0,0,0,0,0,0,0,0,0,0,0,0,0,0,0,0,0,0,0,0,0,0,0,0,0,0,0,0,0,0,0,0,0,0,0,0,0,0,0,0,0,0,0,0,0,0,0,0,0,0,0,0,0,0,0,0,0,111,111
,Sous/Total,,6115,2667,2195,874,801,6756,3438,1589,1434,1317,968,2461,11077,6602,628,2123,3995,2124,1835,352,826,3949,4304,1045,3047,1703,3909,3812,2960,7222,2818,10548,2642,10969,5337,15171,1785,6023,10968,1598,9184,2519,13990,2003,24424,7422,846,5474,127,18231,2606,3525,446,3662,5004,1017,7185,4217,1539,25989,5106,1452,12912,7717,7181,2250,2684,15582,6981,19461,1105,4823,7274,2768,4363,6211,9675,9631,10629,3041,2126,2716,2019,5135,3146,12343,3066,4620,2392,2149,688,9658,9173,7425,9223,7825,2917,2223,1305,2709,0,1848,0,434,0,875,1091,555,0,391,538295
106,FF de boxe,,,,,,,,,,,,,,,,,,,,,,,,,,,,,,,,,,,,,,,,,,,,,,,,,,,,,,,,,,,,,,,,,,,,,,,,,,,,,,,,,,,,,,,,,,,,,,,,,,,,,,,,,,,,,,,,
,Licences masculines,,292,512,275,166,22,908,200,203,82,139,116,79,1206,458,0,26,302,143,264,146,124,302,399,10,244,415,324,279,378,169,375,1345,128,1386,694,252,179,378,823,238,372,377,456,133,939,460,73,216,30,485,347,503,283,250,510,74,480,1093,149,1735,871,221,1190,600,479,145,398,386,289,543,76,307,324,268,601,763,636,814,598,177,187,171,199,804,289,332,199,174,10,66,45,858,921,934,841,642,139,129,125,375,0,2,0,25,0,6,212,6,8,18,40349
,Licences féminines,,82,222,174,78,5,213,70,60,18,30,18,28,350,171,0,7,153,60,157,17,42,98,273,2,70,182,81,74,152,82,129,534,50,488,221,112,66,141,274,142,159,119,192,41,454,122,37,94,8,159,187,176,112,112,194,34,157,499,69,485,371,53,330,278,243,70,134,123,70,168,40,158,112,108,234,151,222,290,262,85,133,99,106,370,62,118,63,67,0,22,13,352,246,263,282,226,97,52,40,132,0,0,0,14,0,0,43,1,0,4,14843
,Licences non réparties,,0,0,0,0,0,0,0,0,0,0,0,0,0,0,0,0,1,0,0,0,0,0,0,0,0,0,0,0,0,0,0,0,0,0,0,0,0,0,0,0,1,0,0,0,0,0,0,0,0,0,0,0,0,0,0,0,0,0,0,0,0,0,0,0,0,0,0,0,0,0,0,0,0,0,0,1,0,0,0,0,0,0,0,0,0,0,0,0,0,0,0,0,1,1,0,1,0,0,0,0,0,0,0,0,0,0,0,0,0,0,6
,Sous/Total,,374,734,449,244,27,1121,270,263,100,169,134,107,1556,629,0,33,456,203,421,163,166,400,672,12,314,597,405,353,530,251,504,1879,178,1874,915,364,245,519,1097,380,532,496,648,174,1393,582,110,310,38,644,534,679,395,362,704,108,637,1592,218,2220,1242,274,1520,878,722,215,532,509,359,711,116,465,436,376,835,915,858,1104,860,262,320,270,305,1174,351,450,262,241,10,88,58,1210,1168,1198,1123,869,236,181,165,507,0,2,0,39,0,6,255,7,8,22,55198
107,FF de canoë-kayak,,,,,,,,,,,,,,,,,,,,,,,,,,,,,,,,,,,,,,,,,,,,,,,,,,,,,,,,,,,,,,,,,,,,,,,,,,,,,,,,,,,,,,,,,,,,,,,,,,,,,,,,,,,,,,,,
,Licences masculines,,208,416,117,67,175,517,384,323,119,102,58,85,452,335,14,797,232,72,211,0,35,260,761,34,627,490,142,2397,167,847,430,444,99,681,740,1186,42,393,215,70,157,88,246,34,849,239,32,197,18,582,455,295,45,187,769,110,957,579,305,486,126,152,1574,132,512,227,85,644,360,1085,77,156,195,187,317,186,419,457,361,140,321,106,71,576,271,263,282,422,321,245,12,232,436,215,567,133,272,117,409,476,0,44,0,1,8,0,155,0,55,2,34778
,Licences féminines,,114,277,47,25,60,285,145,176,38,35,25,28,230,143,6,239,107,38,98,0,14,175,309,8,419,320,26,1768,57,284,321,186,31,329,408,469,13,110,67,29,49,25,136,13,302,74,11,89,4,228,172,161,29,75,706,66,463,326,153,178,64,59,883,32,163,112,26,277,227,710,49,80,72,87,203,105,206,159,148,91,113,42,21,207,115,108,112,143,153,116,4,81,152,75,311,59,125,48,278,304,0,15,0,0,3,0,40,1,35,4,17137
,Licences non réparties,,0,0,0,0,0,0,0,0,0,0,0,0,0,0,0,0,0,0,0,0,0,0,0,0,0,0,0,0,0,0,0,0,0,0,0,0,0,0,0,0,0,0,0,0,0,0,0,0,0,0,0,0,0,0,0,0,0,0,0,0,0,0,0,0,0,0,0,0,0,0,0,0,0,0,0,0,0,0,0,0,0,0,0,0,0,0,0,0,0,0,0,0,0,0,0,0,0,0,0,0,0,0,0,0,0,0,0,0,0,0,0
,Sous/Total,,322,693,164,92,235,802,529,499,157,137,83,113,682,478,20,1036,339,110,309,0,49,435,1070,42,1046,810,168,4165,224,1131,751,630,130,1010,1148,1655,55,503,282,99,206,113,382,47,1151,313,43,286,22,810,627,456,74,262,1475,176,1420,905,458,664,190,211,2457,164,675,339,111,921,587,1795,126,236,267,274,520,291,625,616,509,231,434,148,92,783,386,371,394,565,474,361,16,313,588,290,878,192,397,165,687,780,0,59,0,1,11,0,195,1,90,6,51915
108,FF de cyclisme,,,,,,,,,,,,,,,,,,,,,,,,,,,,,,,,,,,,,,,,,,,,,,,,,,,,,,,,,,,,,,,,,,,,,,,,,,,,,,,,,,,,,,,,,,,,,,,,,,,,,,,,,,,,,,,,
,Licences masculines,,1218,585,560,468,400,1309,655,394,348,439,796,749,3076,1088,410,631,1116,681,260,223,230,1018,2553,375,614,1308,1398,1184,850,2317,1321,1299,237,1876,1549,2766,441,1524,1793,855,494,622,1605,529,3048,1468,253,382,248,1769,1711,590,287,1251,772,339,2599,1009,453,2002,1046,790,1392,1754,1120,581,386,1024,983,2077,581,838,1328,1088,1933,311,1562,1726,1487,680,625,704,313,2074,1209,2100,689,840,824,531,250,1014,649,598,561,1014,1856,1056,448,1251,0,45,2,199,0,1,378,23,0,253,104539
,Licences féminines,,154,96,54,43,50,134,88,49,42,46,109,77,293,108,37,72,127,101,18,22,24,137,331,39,90,156,152,115,95,276,136,120,16,196,144,241,50,160,224,139,74,71,182,37,228,219,17,40,21,128,161,61,37,119,94,43,267,110,51,232,143,86,182,223,118,60,41,136,142,157,77,103,119,167,316,30,194,149,117,62,75,82,31,238,192,174,49,115,121,55,23,98,67,103,72,111,400,331,205,169,0,8,0,34,0,0,68,4,0,40,12240
,Licences non réparties,,0,0,0,0,0,0,0,0,0,0,0,0,0,0,0,0,0,0,0,0,0,0,0,0,0,0,0,0,0,0,0,0,0,0,0,0,0,0,0,0,0,0,0,0,0,0,0,0,0,0,0,0,0,0,0,0,0,0,0,0,0,0,0,0,0,0,0,0,0,0,0,0,0,0,0,0,0,0,0,0,0,0,0,0,0,0,0,0,0,0,0,0,0,0,0,0,0,0,0,0,0,0,0,0,0,0,0,0,0,0,0
,Sous/Total,,1372,681,614,511,450,1443,743,443,390,485,905,826,3369,1196,447,703,1243,782,278,245,254,1155,2884,414,704,1464,1550,1299,945,2593,1457,1419,253,2072,1693,3007,491,1684,2017,994,568,693,1787,566,3276,1687,270,422,269,1897,1872,651,324,1370,866,382,2866,1119,504,2234,1189,876,1574,1977,1238,641,427,1160,1125,2234,658,941,1447,1255,2249,341,1756,1875,1604,742,700,786,344,2312,1401,2274,738,955,945,586,273,1112,716,701,633,1125,2256,1387,653,1420,0,53,2,233,0,1,446,27,0,293,116779
109,FF d'équitation,,,,,,,,,,,,,,,,,,,,,,,,,,,,,,,,,,,,,,,,,,,,,,,,,,,,,,,,,,,,,,,,,,,,,,,,,,,,,,,,,,,,,,,,,,,,,,,,,,,,,,,,,,,,,,,,
,Licences masculines,,1430,1117,639,309,185,1003,572,450,266,494,579,565,2537,1447,260,824,1316,709,467,146,260,1012,1193,278,769,895,872,1433,954,1454,1412,2063,398,2493,1483,1800,549,1302,1797,496,579,788,1222,329,2474,1269,396,674,140,1704,1516,916,332,620,1333,416,1413,1658,372,4274,2011,923,2150,923,933,331,568,1916,1087,1927,478,1064,1107,481,1194,2941,2227,2625,3460,806,1165,708,554,1276,798,1360,787,617,564,667,297,1773,2723,560,1212,1440,327,315,182,621,10,17,21,14,0,78,545,57,1066,76,109635
,Licences féminines,,7088,4995,2647,1650,1416,6507,3199,2061,1376,2527,3157,2568,13182,6160,1442,3487,6925,2806,2176,958,1209,4945,5389,904,3706,4869,4681,6642,4305,7353,6897,12071,2004,14109,8803,8873,2070,5989,10907,2464,3283,3413,6076,1834,12083,6141,1744,2991,693,6447,5256,5076,1633,2599,6802,2158,7173,8486,1732,20164,9429,2967,10461,5412,5759,1825,3536,9357,5984,11193,2362,4471,4025,3173,7994,10071,10807,12886,16065,3534,5499,3657,2621,7904,4647,5081,3871,3020,3063,2995,1357,10332,12240,3204,6188,7823,855,824,568,2368,94,54,101,70,0,369,1662,240,2607,239,535165
,Licences non réparties,,0,0,0,0,0,0,0,0,0,0,0,0,0,0,0,0,0,0,0,0,0,0,0,0,0,0,0,0,0,0,0,0,0,0,0,0,0,0,0,0,0,0,0,0,0,0,0,0,0,0,0,0,0,0,0,0,0,0,0,0,0,0,0,0,0,0,0,0,0,0,0,0,0,0,0,0,0,0,0,0,0,0,0,0,0,0,0,0,0,0,0,0,0,0,0,0,0,0,0,0,0,0,0,0,0,0,0,0,0,0,0
,Sous/Total,,8518,6112,3286,1959,1601,7510,3771,2511,1642,3021,3736,3133,15719,7607,1702,4311,8241,3515,2643,1104,1469,5957,6582,1182,4475,5764,5553,8075,5259,8807,8309,14134,2402,16602,10286,10673,2619,7291,12704,2960,3862,4201,7298,2163,14557,7410,2140,3665,833,8151,6772,5992,1965,3219,8135,2574,8586,10144,2104,24438,11440,3890,12611,6335,6692,2156,4104,11273,7071,13120,2840,5535,5132,3654,9188,13012,13034,15511,19525,4340,6664,4365,3175,9180,5445,6441,4658,3637,3627,3662,1654,12105,14963,3764,7400,9263,1182,1139,750,2989,104,71,122,84,0,447,2207,297,3673,315,644800
110,FF d'escrime,,,,,,,,,,,,,,,,,,,,,,,,,,,,,,,,,,,,,,,,,,,,,,,,,,,,,,,,,,,,,,,,,,,,,,,,,,,,,,,,,,,,,,,,,,,,,,,,,,,,,,,,,,,,,,,,
,Licences masculines,,492,199,150,93,80,747,320,271,61,138,162,145,1312,411,55,141,321,231,178,44,45,372,357,55,339,219,445,414,187,281,332,755,55,1017,431,1017,47,313,901,165,167,67,280,151,653,562,34,82,1,357,219,353,154,54,460,65,349,424,155,1500,627,74,475,349,284,141,155,665,418,2080,56,303,253,250,306,3276,785,1036,1916,109,209,221,73,541,231,234,300,158,163,115,87,1396,2428,919,1504,856,181,159,141,327,0,1,0,0,0,4,153,58,185,0,43587
,Licences féminines,,197,79,70,42,21,329,133,115,23,36,61,71,455,161,15,40,129,102,92,22,22,143,167,19,155,84,178,163,69,124,106,380,37,529,170,364,24,117,372,52,84,30,114,62,255,222,14,69,3,162,79,129,69,22,216,30,109,178,64,491,237,50,194,139,87,38,89,287,183,752,17,108,95,109,117,1312,309,415,618,42,97,95,35,216,91,105,99,76,82,82,29,508,871,337,556,365,139,102,65,158,0,0,0,0,0,0,72,19,76,0,17343
,Licences non réparties,,0,0,0,0,0,0,0,0,0,0,0,0,0,0,0,0,0,0,0,0,0,0,0,0,0,0,0,0,0,0,0,0,0,0,0,0,0,0,0,0,0,0,0,0,0,0,0,0,0,0,0,0,0,0,0,0,0,0,0,0,0,0,0,0,0,0,0,0,0,0,0,0,0,0,0,0,0,0,0,0,0,0,0,0,0,0,0,0,0,0,0,0,0,0,0,0,0,0,0,0,0,0,0,0,0,0,0,0,0,0,0
,Sous/Total,,689,278,220,135,101,1076,453,386,84,174,223,216,1767,572,70,181,450,333,270,66,67,515,524,74,494,303,623,577,256,405,438,1135,92,1546,601,1381,71,430,1273,217,251,97,394,213,908,784,48,151,4,519,298,482,223,76,676,95,458,602,219,1991,864,124,669,488,371,179,244,952,601,2832,73,411,348,359,423,4588,1094,1451,2534,151,306,316,108,757,322,339,399,234,245,197,116,1904,3299,1256,2060,1221,320,261,206,485,0,1,0,0,0,4,225,77,261,0,60930
111,FF de football,,,,,,,,,,,,,,,,,,,,,,,,,,,,,,,,,,,,,,,,,,,,,,,,,,,,,,,,,,,,,,,,,,,,,,,,,,,,,,,,,,,,,,,,,,,,,,,,,,,,,,,,,,,,,,,,
,Licences masculines,,21423,18438,12618,3851,2055,22611,9778,10765,3956,8529,8041,10721,41340,20805,5603,12287,15990,10164,7924,3854,5241,13046,27292,4332,12483,20582,14659,17453,13220,37040,19037,37337,5377,40633,27339,43932,9413,16724,35870,8772,10391,11723,29981,9657,52446,19117,5595,7725,2550,33961,16576,14852,6887,18258,23020,5415,32568,40398,5724,86958,27863,9314,59427,18641,16669,6025,9165,46155,28495,44594,7909,17762,21533,9784,22688,19307,40432,38441,36580,16402,19323,11142,8740,19725,13415,29255,16261,11841,10575,10016,4573,33240,27728,34277,27609,32918,11017,9302,6217,27342,530,10393,364,660,0,1,21,470,2428,3227,1974133
,Licences féminines,,1770,1292,1277,339,183,1526,983,860,356,664,776,1075,2799,1725,701,954,1251,951,1022,184,166,1236,2160,727,1299,1963,1274,1517,1076,2609,1332,3029,571,3266,2269,2956,969,1483,3160,1006,763,1093,1941,1168,3831,1645,542,752,391,2048,1585,1060,761,1011,1629,487,1828,3529,424,6617,2102,803,5010,1825,1239,439,828,4078,2324,3546,913,1402,1686,882,2024,1463,2752,2918,2344,1188,1598,1078,882,1488,1307,1586,1634,1171,954,996,346,2317,1874,2265,1744,2329,889,732,647,2124,123,941,48,57,0,0,1,28,123,123,157032
,Licences non réparties,,0,0,0,0,0,0,0,0,0,0,0,0,0,0,0,0,0,0,0,0,0,0,0,0,0,0,0,0,0,0,0,0,0,0,0,0,0,0,0,0,0,0,0,0,0,0,0,0,0,0,0,0,0,0,0,0,0,0,0,0,0,0,0,0,0,0,0,0,0,0,0,0,0,0,0,0,0,0,0,0,0,0,0,0,0,0,0,0,0,0,0,0,0,0,0,0,0,0,0,0,0,0,0,0,0,0,0,0,0,0,0
,Sous/Total,,23193,19730,13895,4190,2238,24137,10761,11625,4312,9193,8817,11796,44139,22530,6304,13241,17241,11115,8946,4038,5407,14282,29452,5059,13782,22545,15933,18970,14296,39649,20369,40366,5948,43899,29608,46888,10382,18207,39030,9778,11154,12816,31922,10825,56277,20762,6137,8477,2941,36009,18161,15912,7648,19269,24649,5902,34396,43927,6148,93575,29965,10117,64437,20466,17908,6464,9993,50233,30819,48140,8822,19164,23219,10666,24712,20770,43184,41359,38924,17590,20921,12220,9622,21213,14722,30841,17895,13012,11529,11012,4919,35557,29602,36542,29353,35247,11906,10034,6864,29466,653,11334,412,717,0,1,22,498,2551,3350,2131165
112,FF des sports de glace,,,,,,,,,,,,,,,,,,,,,,,,,,,,,,,,,,,,,,,,,,,,,,,,,,,,,,,,,,,,,,,,,,,,,,,,,,,,,,,,,,,,,,,,,,,,,,,,,,,,,,,,,,,,,,,,
,Licences masculines,,5,3,1,1,14,38,5,43,0,31,5,0,35,11,0,7,2,4,44,1,0,51,18,1,1,42,23,30,7,30,10,60,0,41,16,46,8,34,90,5,1,27,13,0,43,58,1,1,0,73,2,96,0,0,20,1,4,39,0,67,17,0,3,62,10,0,11,28,65,116,14,2,4,91,114,77,118,39,32,15,5,5,2,13,7,7,31,47,23,6,84,62,123,71,142,108,0,0,0,0,18,0,0,0,0,0,0,2,0,790,3573
,Licences féminines,,22,10,3,1,239,163,33,110,0,249,37,1,251,186,3,36,11,14,261,0,1,240,194,0,7,212,141,225,4,261,163,429,0,217,353,215,72,417,315,8,5,142,127,0,495,222,13,0,2,432,3,375,0,0,126,0,16,405,0,573,70,0,8,508,116,1,87,237,312,567,61,4,10,450,592,441,613,353,195,203,57,68,2,22,41,81,192,272,235,11,289,426,946,424,820,1282,0,0,0,1,101,0,0,0,0,0,0,3,0,5851,23992
,Licences non réparties,,0,0,0,0,0,0,0,0,0,0,0,0,0,0,0,0,0,0,0,0,0,0,0,0,0,0,0,0,0,0,0,0,0,0,0,0,0,0,0,0,0,0,0,0,0,0,0,0,0,0,0,0,0,0,0,0,0,0,0,0,0,0,0,0,0,0,0,0,0,0,0,0,0,0,0,0,0,0,0,0,0,0,0,0,0,0,0,0,0,0,0,0,0,0,0,0,0,0,0,0,0,0,0,0,0,0,0,0,0,0,0
,Sous/Total,,27,13,4,2,253,201,38,153,0,280,42,1,286,197,3,43,13,18,305,1,1,291,212,1,8,254,164,255,11,291,173,489,0,258,369,261,80,451,405,13,6,169,140,0,538,280,14,1,2,505,5,471,0,0,146,1,20,444,0,640,87,0,11,570,126,1,98,265,377,683,75,6,14,541,706,518,731,392,227,218,62,73,4,35,48,88,223,319,258,17,373,488,1069,495,962,1390,0,0,0,1,119,0,0,0,0,0,0,5,0,6641,27565
113,FF de gymnastique,,,,,,,,,,,,,,,,,,,,,,,,,,,,,,,,,,,,,,,,,,,,,,,,,,,,,,,,,,,,,,,,,,,,,,,,,,,,,,,,,,,,,,,,,,,,,,,,,,,,,,,,,,,,,,,,
,Licences masculines,,1683,476,457,198,133,1141,220,360,144,216,267,222,1422,587,13,221,324,549,112,92,58,598,438,2,168,435,404,628,349,350,299,875,111,1127,467,755,71,269,509,293,194,208,616,189,813,842,142,273,2,638,580,547,200,234,834,22,482,1558,135,1995,528,102,807,332,183,123,117,1691,1360,1945,189,792,505,392,745,736,1689,1555,1590,592,230,253,139,515,549,596,469,193,364,245,216,1279,988,1457,1402,861,172,144,144,767,0,0,1,38,0,0,219,145,29,2604,57539
,Licences féminines,,5023,2165,1653,537,634,4438,1094,1426,704,879,1357,1174,6387,3807,111,907,1827,1748,764,843,688,1885,1844,6,965,1473,1811,3245,1533,2581,1587,4452,605,5486,2680,3958,504,1906,2236,1028,1059,919,1717,987,3607,3372,799,1061,5,2724,3346,2257,882,896,3137,118,2307,5835,1027,6954,2612,615,3512,2009,1045,473,912,8318,4904,5635,883,2652,2550,1519,2532,2939,7197,6711,5764,3194,1317,1350,827,3774,2362,2384,2304,1062,1325,1173,700,6314,5268,5077,7284,4640,1247,1092,467,2563,0,0,1,235,0,0,589,318,98,12157,252864
,Licences non réparties,,0,0,0,0,0,0,0,0,0,0,0,0,0,0,0,0,0,0,0,0,0,0,0,0,0,0,0,0,0,0,0,0,0,0,0,0,0,0,0,0,0,0,0,0,0,0,0,0,0,0,0,0,0,0,0,0,0,0,0,0,0,0,0,0,0,0,0,0,0,0,0,0,0,0,0,0,0,0,0,0,0,0,0,0,0,0,0,0,0,0,0,0,0,0,0,0,0,0,0,0,0,0,0,0,0,0,0,0,0,0,0
,Sous/Total,,6706,2641,2110,735,767,5579,1314,1786,848,1095,1624,1396,7809,4394,124,1128,2151,2297,876,935,746,2483,2282,8,1133,1908,2215,3873,1882,2931,1886,5327,716,6613,3147,4713,575,2175,2745,1321,1253,1127,2333,1176,4420,4214,941,1334,7,3362,3926,2804,1082,1130,3971,140,2789,7393,1162,8949,3140,717,4319,2341,1228,596,1029,10009,6264,7580,1072,3444,3055,1911,3277,3675,8886,8266,7354,3786,1547,1603,966,4289,2911,2980,2773,1255,1689,1418,916,7593,6256,6534,8686,5501,1419,1236,611,3330,0,0,2,273,0,0,808,463,127,14761,310403
114,FF d'haltérophilie - musculation,,,,,,,,,,,,,,,,,,,,,,,,,,,,,,,,,,,,,,,,,,,,,,,,,,,,,,,,,,,,,,,,,,,,,,,,,,,,,,,,,,,,,,,,,,,,,,,,,,,,,,,,,,,,,,,,
,Licences masculines,,79,265,43,40,2,827,144,19,42,67,12,67,681,317,18,127,128,134,215,1,1,52,1,1,126,94,94,163,48,278,72,556,20,675,381,52,364,59,238,13,251,139,53,4,526,642,440,4,3,125,88,47,86,162,151,8,534,184,48,825,681,35,198,134,234,45,28,779,127,284,74,60,22,105,138,112,234,263,194,3,639,44,182,309,282,26,75,151,26,71,5,230,464,160,334,277,109,54,33,269,0,0,0,0,46,0,81,35,3,5,18496
,Licences féminines,,17,232,14,9,2,602,19,3,17,49,11,53,256,143,7,187,41,41,77,0,0,24,2,7,79,62,147,130,35,209,18,243,8,497,166,20,518,13,159,4,101,95,7,2,193,290,323,1,0,16,47,24,92,223,59,0,330,91,20,320,362,3,62,54,118,19,7,536,105,201,63,23,8,49,100,33,165,83,106,0,556,16,286,164,39,16,25,82,50,56,2,83,209,64,142,85,80,18,50,80,0,0,0,0,13,1,53,11,2,3,10638
,Licences non réparties,,0,0,0,0,0,0,0,0,0,0,0,0,0,0,0,0,0,0,0,0,0,0,0,0,0,0,0,0,0,0,0,0,0,0,0,0,0,0,0,0,0,0,0,0,0,0,0,0,0,0,0,0,0,0,0,0,0,0,0,0,0,0,0,0,0,0,0,0,0,0,0,0,0,0,0,0,0,0,0,0,0,0,0,0,0,0,0,0,0,0,0,0,0,0,0,0,0,0,0,0,0,0,0,0,0,0,0,0,0,0,0
,Sous/Total,,96,497,57,49,4,1429,163,22,59,116,23,120,937,460,25,314,169,175,292,1,1,76,3,8,205,156,241,293,83,487,90,799,28,1172,547,72,882,72,397,17,352,234,60,6,719,932,763,5,3,141,135,71,178,385,210,8,864,275,68,1145,1043,38,260,188,352,64,35,1315,232,485,137,83,30,154,238,145,399,346,300,3,1195,60,468,473,321,42,100,233,76,127,7,313,673,224,476,362,189,72,83,349,0,0,0,0,59,1,134,46,5,8,29134
115,FF de handball,,,,,,,,,,,,,,,,,,,,,,,,,,,,,,,,,,,,,,,,,,,,,,,,,,,,,,,,,,,,,,,,,,,,,,,,,,,,,,,,,,,,,,,,,,,,,,,,,,,,,,,,,,,,,,,,
,Licences masculines,,3117,2786,1197,635,720,4950,2496,1170,800,1550,1791,1422,10498,4284,792,1884,3025,1978,1121,743,564,4046,3007,335,2054,3894,3223,3735,3070,7081,5138,6560,1116,11167,6632,6734,1039,3823,6531,1731,1772,1378,2545,1406,11409,4103,774,1459,403,4338,4206,2239,1040,2060,4525,1745,4828,5958,921,9491,4602,1781,4299,2309,4473,1296,1667,8712,5215,7798,2042,1859,3411,2692,3652,3083,6539,8214,7995,2688,2966,1597,1095,5557,3251,4223,2632,2768,1705,1303,937,8394,6951,5319,7463,5932,1312,2152,1181,3939,3,2030,0,3,0,0,696,160,0,23,352958
,Licences féminines,,1530,1661,848,346,390,2204,1586,827,505,944,1038,1092,4248,2190,940,1467,1708,1036,746,307,292,2468,2413,171,1726,3155,1915,1982,1682,6680,2548,3698,849,7044,2568,3257,601,1836,3158,1275,1483,753,1387,1474,5092,2189,689,927,376,2103,2792,941,627,1465,2272,1015,2983,3578,512,4843,2523,1226,1985,1296,4450,1023,806,4546,2506,3388,1422,945,1743,1413,1875,1295,3367,3743,3175,1720,1891,752,686,2635,1670,2447,1596,1652,1000,719,369,3369,2579,2736,3144,2513,1103,2095,1097,3222,6,1448,0,0,0,0,651,55,0,23,196337
,Licences non réparties,,0,0,0,0,0,0,0,0,0,0,0,0,0,0,0,0,0,0,0,0,0,0,0,0,0,0,0,0,0,0,0,0,0,0,0,0,0,0,0,0,0,0,0,0,0,0,0,0,0,0,0,0,0,0,0,0,0,0,0,0,0,0,0,0,0,0,0,0,0,0,0,0,0,0,0,0,0,0,0,0,0,0,0,0,0,0,0,0,0,0,0,0,0,0,0,0,0,0,0,0,0,0,0,0,0,0,0,0,0,0,0
,Sous/Total,,4647,4447,2045,981,1110,7154,4082,1997,1305,2494,2829,2514,14746,6474,1732,3351,4733,3014,1867,1050,856,6514,5420,506,3780,7049,5138,5717,4752,13761,7686,10258,1965,18211,9200,9991,1640,5659,9689,3006,3255,2131,3932,2880,16501,6292,1463,2386,779,6441,6998,3180,1667,3525,6797,2760,7811,9536,1433,14334,7125,3007,6284,3605,8923,2319,2473,13258,7721,11186,3464,2804,5154,4105,5527,4378,9906,11957,11170,4408,4857,2349,1781,8192,4921,6670,4228,4420,2705,2022,1306,11763,9530,8055,10607,8445,2415,4247,2278,7161,9,3478,0,3,0,0,1347,215,0,46,549295
116,FF de hockey,,,,,,,,,,,,,,,,,,,,,,,,,,,,,,,,,,,,,,,,,,,,,,,,,,,,,,,,,,,,,,,,,,,,,,,,,,,,,,,,,,,,,,,,,,,,,,,,,,,,,,,,,,,,,,,,
,Licences masculines,,62,4,3,0,0,605,19,6,0,0,0,0,129,230,0,0,1,14,3,0,0,6,1,0,0,8,30,18,137,30,3,188,175,797,34,233,0,90,123,1,0,167,196,0,616,270,0,1,0,369,6,3,0,112,3,0,5,0,3,3133,52,15,766,0,2,1,0,47,0,582,0,0,123,1,4,290,822,57,617,0,436,37,0,6,5,0,1,20,0,0,2,76,613,38,197,29,0,0,0,47,0,0,0,0,0,0,0,0,5,0,12725
,Licences féminines,,5,5,0,0,1,182,5,2,0,1,0,1,46,107,0,1,1,9,0,0,0,0,2,0,0,8,3,3,24,17,2,65,74,838,9,52,0,32,19,0,0,37,55,0,197,38,0,2,0,83,0,0,0,16,0,0,0,0,0,1302,14,0,191,0,0,0,0,16,0,182,0,0,26,0,0,145,106,6,295,0,118,5,0,2,0,0,0,8,0,0,1,66,235,15,61,7,0,0,0,4,0,0,0,0,0,0,0,0,5,0,4752
,Licences non réparties,,0,0,0,0,0,0,0,0,0,0,0,0,0,0,0,0,0,0,0,0,0,0,0,0,0,0,0,0,0,0,0,0,0,0,0,0,0,0,0,0,0,0,0,0,0,0,0,0,0,0,0,0,0,0,0,0,0,0,0,0,0,0,0,0,0,0,0,0,0,0,0,0,0,0,0,0,0,0,0,0,0,0,0,0,0,0,0,0,0,0,0,0,0,0,0,0,0,0,0,0,0,0,0,0,0,0,0,0,0,0,0
,Sous/Total,,67,9,3,0,1,787,24,8,0,1,0,1,175,337,0,1,2,23,3,0,0,6,3,0,0,16,33,21,161,47,5,253,249,1635,43,285,0,122,142,1,0,204,251,0,813,308,0,3,0,452,6,3,0,128,3,0,5,0,3,4435,66,15,957,0,2,1,0,63,0,764,0,0,149,1,4,435,928,63,912,0,554,42,0,8,5,0,1,28,0,0,3,142,848,53,258,36,0,0,0,51,0,0,0,0,0,0,0,0,10,0,17477
117,"FF de judo-jujitsu, kendo et disciplines associées",,,,,,,,,,,,,,,,,,,,,,,,,,,,,,,,,,,,,,,,,,,,,,,,,,,,,,,,,,,,,,,,,,,,,,,,,,,,,,,,,,,,,,,,,,,,,,,,,,,,,,,,,,,,,,,,
,Licences masculines,,3863,3389,1456,1219,928,6118,1349,1070,793,1667,2013,1339,9535,4812,516,1855,3518,1803,1322,819,580,3546,3193,590,2217,3600,2867,4200,2606,5139,3710,10054,1226,11714,5245,7436,1346,4374,8769,1638,2446,1601,4176,1324,7743,4949,879,1823,457,5533,2447,3037,1007,1979,4870,1042,4359,6183,1256,13942,6425,1499,7183,4171,3839,1259,2664,6932,4052,11217,1471,2617,2773,2547,4286,8910,8027,11584,12475,2075,3317,2116,1731,5664,2923,3657,3207,2179,2653,2211,918,10001,12929,8426,8718,9392,1750,1863,831,2601,103,430,68,1,0,21,1037,133,24,767,400164
,Licences féminines,,1432,1681,700,618,392,2146,540,441,397,658,873,575,2961,2320,306,863,1706,972,624,405,231,1713,1388,307,1372,1473,1228,2031,1160,2163,1361,4089,653,5085,1869,2928,742,1943,3360,731,1120,802,1539,621,2796,2149,517,980,234,2246,1281,1143,667,1184,2051,570,1734,3194,717,5800,3133,863,3598,1769,1901,780,1093,2818,1628,3617,610,1102,1104,963,1440,2293,3186,4640,3884,932,1524,880,782,1953,1025,1468,1579,1254,1744,1156,269,3543,3504,3165,2827,3553,723,771,510,1009,42,244,83,0,0,13,332,34,16,277,163416
,Licences non réparties,,0,0,0,0,0,0,0,0,0,0,0,0,0,0,0,0,0,0,0,0,0,0,0,0,0,0,0,0,0,0,0,0,0,0,0,0,0,0,0,0,0,0,0,0,0,0,0,0,0,0,0,0,0,0,0,0,0,0,0,0,0,0,0,0,0,0,0,0,0,0,0,0,0,0,0,0,0,0,0,0,0,0,0,0,0,0,0,0,0,0,0,0,0,0,0,0,0,0,0,0,0,0,0,0,0,0,0,0,0,0,0
,Sous/Total,,5295,5070,2156,1837,1320,8264,1889,1511,1190,2325,2886,1914,12496,7132,822,2718,5224,2775,1946,1224,811,5259,4581,897,3589,5073,4095,6231,3766,7302,5071,14143,1879,16799,7114,10364,2088,6317,12129,2369,3566,2403,5715,1945,10539,7098,1396,2803,691,7779,3728,4180,1674,3163,6921,1612,6093,9377,1973,19742,9558,2362,10781,5940,5740,2039,3757,9750,5680,14834,2081,3719,3877,3510,5726,11203,11213,16224,16359,3007,4841,2996,2513,7617,3948,5125,4786,3433,4397,3367,1187,13544,16433,11591,11545,12945,2473,2634,1341,3610,145,674,151,1,0,34,1369,167,40,1044,563580
118,FF de lutte,,,,,,,,,,,,,,,,,,,,,,,,,,,,,,,,,,,,,,,,,,,,,,,,,,,,,,,,,,,,,,,,,,,,,,,,,,,,,,,,,,,,,,,,,,,,,,,,,,,,,,,,,,,,,,,,
,Licences masculines,,227,167,85,23,0,245,50,12,27,30,30,10,162,145,71,10,12,1,0,0,1,321,288,1,67,322,2,32,171,589,86,234,10,402,305,215,1,266,215,69,55,2,33,19,453,18,0,60,1,63,92,294,1,25,48,0,196,428,5,757,78,10,497,776,144,206,39,445,387,393,48,391,101,99,110,250,338,425,147,1,2,14,345,128,13,10,7,247,53,4,1,168,275,713,553,127,0,0,0,357,0,0,0,0,0,346,0,4,0,3,15709
,Licences féminines,,52,86,22,7,0,63,22,2,4,1,5,1,28,46,27,4,3,0,2,0,0,146,77,0,25,122,0,6,64,233,24,60,5,138,96,70,1,32,79,14,22,0,2,5,152,1,0,15,1,6,41,99,1,7,6,0,82,119,2,250,9,8,343,155,73,70,10,37,84,71,59,170,3,23,18,31,161,101,27,1,0,1,221,83,1,0,2,125,21,0,0,15,30,175,90,7,0,0,0,124,0,0,0,0,0,72,0,0,0,1,4800
,Licences non réparties,,0,0,0,0,0,0,0,0,0,0,0,0,0,0,0,0,0,0,0,0,0,0,0,0,0,0,0,0,0,0,0,0,0,0,0,0,0,0,0,0,0,0,0,0,0,0,0,0,0,0,0,0,0,0,0,0,0,0,0,0,0,0,0,0,0,0,0,0,0,0,0,0,0,0,0,0,0,0,0,0,0,0,0,0,0,0,0,0,0,0,0,0,0,0,0,0,0,0,0,0,0,0,0,0,0,0,0,0,0,0,0
,Sous/Total,,279,253,107,30,0,308,72,14,31,31,35,11,190,191,98,14,15,1,2,0,1,467,365,1,92,444,2,38,235,822,110,294,15,540,401,285,2,298,294,83,77,2,35,24,605,19,0,75,2,69,133,393,2,32,54,0,278,547,7,1007,87,18,840,931,217,276,49,482,471,464,107,561,104,122,128,281,499,526,174,2,2,15,566,211,14,10,9,372,74,4,1,183,305,888,643,134,0,0,0,481,0,0,0,0,0,418,0,4,0,4,20509
119,FF de natation ,,,,,,,,,,,,,,,,,,,,,,,,,,,,,,,,,,,,,,,,,,,,,,,,,,,,,,,,,,,,,,,,,,,,,,,,,,,,,,,,,,,,,,,,,,,,,,,,,,,,,,,,,,,,,,,,
,Licences masculines,,1523,923,1132,351,419,4139,487,953,166,520,344,801,4173,1362,232,639,1331,665,337,229,486,1363,894,263,501,804,590,1378,709,1124,1326,2791,429,3271,3080,1377,529,1233,1785,638,665,716,1627,585,2807,946,490,503,125,1813,1069,1354,200,749,1309,441,902,2045,396,4616,1644,365,3013,1769,1838,642,766,2314,1979,6818,380,1798,805,737,1541,4105,1978,3025,4781,631,966,939,448,3697,1116,754,1078,793,568,836,308,4027,4457,2766,2866,3144,806,1191,687,2881,29,0,79,123,0,740,1589,128,4,4,146608
,Licences féminines,,2007,1065,1552,378,529,4889,589,1267,185,483,339,811,5337,1442,275,836,1373,970,418,329,718,1864,1100,487,678,897,498,1588,580,1261,1469,3050,496,4242,2996,1371,726,1635,2040,744,712,1011,2204,756,3055,1052,726,485,118,1868,1197,1486,250,716,1318,545,887,2555,427,4547,2058,434,3600,2881,2344,650,971,2925,2199,7525,366,2271,895,753,1888,3288,2453,2895,5061,868,981,1137,437,4118,1177,783,1474,953,856,1097,248,4870,4737,2959,3089,3233,1102,1450,795,3742,31,0,74,123,0,632,1739,95,2,3,167691
,Licences non réparties,,0,0,0,0,0,0,0,0,0,0,0,0,0,0,0,0,0,0,0,0,0,0,0,0,0,0,0,0,0,0,0,0,0,0,0,0,0,0,0,0,0,0,0,0,0,0,0,0,0,0,0,0,0,0,0,0,0,0,0,0,0,0,0,0,0,0,0,0,0,0,0,0,0,0,0,0,0,0,0,0,0,0,0,0,0,0,0,0,0,0,0,0,0,0,0,0,0,0,0,0,0,0,0,0,0,0,0,0,0,0,0
,Sous/Total,,3530,1988,2684,729,948,9028,1076,2220,351,1003,683,1612,9510,2804,507,1475,2704,1635,755,558,1204,3227,1994,750,1179,1701,1088,2966,1289,2385,2795,5841,925,7513,6076,2748,1255,2868,3825,1382,1377,1727,3831,1341,5862,1998,1216,988,243,3681,2266,2840,450,1465,2627,986,1789,4600,823,9163,3702,799,6613,4650,4182,1292,1737,5239,4178,14343,746,4069,1700,1490,3429,7393,4431,5920,9842,1499,1947,2076,885,7815,2293,1537,2552,1746,1424,1933,556,8897,9194,5725,5955,6377,1908,2641,1482,6623,60,0,153,246,0,1372,3328,223,6,7,314299
120,FF de pentathlon moderne,,,,,,,,,,,,,,,,,,,,,,,,,,,,,,,,,,,,,,,,,,,,,,,,,,,,,,,,,,,,,,,,,,,,,,,,,,,,,,,,,,,,,,,,,,,,,,,,,,,,,,,,,,,,,,,,
,Licences masculines,,0,26,0,7,0,4,1,0,25,1,15,0,130,0,0,0,0,0,0,1,0,0,0,0,0,0,0,0,0,1,0,25,18,36,2,14,0,0,1,0,0,0,0,0,0,0,0,0,0,0,0,1,0,0,0,0,0,0,0,0,47,0,0,0,0,1,71,6,20,0,0,0,0,1,0,99,2,12,4,0,0,0,1,35,3,0,0,0,0,0,0,0,8,17,32,4,0,0,10,0,0,0,0,0,0,0,0,0,0,367,1048
,Licences féminines,,1,28,0,13,0,1,0,0,13,0,3,0,100,0,0,0,1,0,1,0,0,0,0,0,0,0,0,0,0,1,0,22,14,18,2,10,1,0,1,0,1,0,0,0,0,0,0,0,0,0,0,0,0,1,0,0,0,0,0,2,32,0,0,0,0,1,62,4,14,0,0,0,0,0,0,85,0,2,2,0,0,1,0,17,2,0,0,0,1,0,0,1,16,12,24,1,0,0,20,0,0,0,0,0,0,0,0,0,0,328,859
,Licences non réparties,,0,1,0,0,0,0,0,0,0,0,0,0,0,0,0,0,0,0,0,0,0,0,0,0,0,0,0,0,0,0,0,1,0,0,0,0,0,0,0,0,0,0,0,0,0,0,0,0,0,0,0,0,0,0,0,0,0,0,0,0,0,0,0,0,0,0,0,0,0,0,0,0,0,0,0,1,0,0,0,0,0,0,0,0,0,0,0,0,0,0,0,0,0,0,0,0,0,0,0,0,0,0,0,0,0,0,0,0,0,0,3
,Sous/Total,,1,55,0,20,0,5,1,0,38,1,18,0,230,0,0,0,1,0,1,1,0,0,0,0,0,0,0,0,0,2,0,48,32,54,4,24,1,0,2,0,1,0,0,0,0,0,0,0,0,0,0,1,0,1,0,0,0,0,0,2,79,0,0,0,0,2,133,10,34,0,0,0,0,1,0,185,2,14,6,0,0,1,1,52,5,0,0,0,1,0,0,1,24,29,56,5,0,0,30,0,0,0,0,0,0,0,0,0,0,695,1910
121,FF de ski,,,,,,,,,,,,,,,,,,,,,,,,,,,,,,,,,,,,,,,,,,,,,,,,,,,,,,,,,,,,,,,,,,,,,,,,,,,,,,,,,,,,,,,,,,,,,,,,,,,,,,,,,,,,,,,,
,Licences masculines,,1682,11,63,655,2682,2378,383,56,933,22,574,379,834,20,196,24,52,44,164,55,58,218,35,6,22,1254,1038,16,24,192,491,1170,422,647,415,79,21,33,7008,1392,374,19,699,146,161,64,29,50,110,28,19,39,7,112,312,15,50,424,70,62,38,5,53,1314,1133,1306,794,1608,2371,1293,339,356,22,9240,12716,420,47,163,206,32,5,43,43,679,249,23,76,60,1276,30,158,154,227,51,118,76,3,0,2,11,0,0,2,0,0,0,4,48,3550,471,69353
,Licences féminines,,946,5,32,348,1347,1400,256,13,647,11,362,239,479,7,89,11,20,14,102,24,26,114,20,6,16,588,638,10,9,123,279,629,276,391,226,56,14,18,4182,789,197,15,382,96,92,37,15,28,70,13,1,22,0,72,227,15,26,276,31,27,10,3,34,713,782,745,443,1035,1442,765,212,188,12,5464,7952,256,14,78,82,12,2,30,24,417,119,16,41,37,712,11,101,68,131,19,59,41,0,0,0,2,0,0,0,0,0,0,2,25,2599,307,41409
,Licences non réparties,,0,0,0,0,0,0,0,0,0,0,0,0,0,0,0,0,0,0,0,0,0,0,0,0,0,0,0,0,0,0,0,0,0,0,0,0,0,0,0,0,0,0,0,0,0,0,0,0,0,0,0,0,0,0,0,0,0,0,0,0,0,0,0,0,0,0,0,0,0,0,0,0,0,0,0,0,0,0,0,0,0,0,0,0,0,0,0,0,0,0,0,0,0,0,0,0,0,0,0,0,0,0,0,0,0,0,0,0,0,0,0
,Sous/Total,,2628,16,95,1003,4029,3778,639,69,1580,33,936,618,1313,27,285,35,72,58,266,79,84,332,55,12,38,1842,1676,26,33,315,770,1799,698,1038,641,135,35,51,11190,2181,571,34,1081,242,253,101,44,78,180,41,20,61,7,184,539,30,76,700,101,89,48,8,87,2027,1915,2051,1237,2643,3813,2058,551,544,34,14704,20668,676,61,241,288,44,7,73,67,1096,368,39,117,97,1988,41,259,222,358,70,177,117,3,0,2,13,0,0,2,0,0,0,6,73,6149,778,110762
122,FF de taekwondo et disciplines associées,,,,,,,,,,,,,,,,,,,,,,,,,,,,,,,,,,,,,,,,,,,,,,,,,,,,,,,,,,,,,,,,,,,,,,,,,,,,,,,,,,,,,,,,,,,,,,,,,,,,,,,,,,,,,,,,
,Licences masculines,,230,57,79,20,55,505,101,21,25,88,262,274,1069,273,2,77,264,89,30,236,309,42,55,20,29,33,228,195,403,54,535,1633,32,452,1242,343,29,69,786,6,109,54,143,120,703,665,94,185,2,141,3,20,45,11,560,14,51,304,10,1266,271,45,66,179,148,51,308,999,302,1864,18,31,326,194,461,1100,470,1538,1180,435,75,138,79,630,233,266,214,111,75,65,36,1839,1245,1003,1612,516,271,148,206,595,72,8,61,0,0,166,168,86,0,83,34739
,Licences féminines,,157,40,31,15,26,259,85,7,11,46,168,175,510,136,1,26,126,258,10,130,206,36,27,16,16,17,171,110,222,37,302,1178,22,239,735,135,18,21,534,3,44,19,49,49,390,435,85,150,0,72,0,6,27,5,367,11,16,148,10,669,97,28,28,128,77,19,203,634,152,924,8,21,175,98,337,551,342,743,724,206,35,112,65,345,88,131,181,47,50,39,22,987,674,482,783,322,148,93,105,308,100,1,42,0,0,84,69,41,0,41,19704
,Licences non réparties,,0,0,0,0,0,0,0,0,0,0,0,0,0,0,0,0,0,0,0,0,0,0,0,0,0,0,0,0,0,0,0,0,0,0,0,0,0,0,0,0,0,0,0,0,0,0,0,0,0,0,0,0,0,0,0,0,0,0,0,0,0,0,0,0,0,0,0,0,0,0,0,0,0,0,0,0,0,0,0,0,0,0,0,0,0,0,0,0,0,0,0,0,0,0,0,0,0,0,0,0,0,0,0,0,0,0,0,0,0,0,0
,Sous/Total,,387,97,110,35,81,764,186,28,36,134,430,449,1579,409,3,103,390,347,40,366,515,78,82,36,45,50,399,305,625,91,837,2811,54,691,1977,478,47,90,1320,9,153,73,192,169,1093,1100,179,335,2,213,3,26,72,16,927,25,67,452,20,1935,368,73,94,307,225,70,511,1633,454,2788,26,52,501,292,798,1651,812,2281,1904,641,110,250,144,975,321,397,395,158,125,104,58,2826,1919,1485,2395,838,419,241,311,903,172,9,103,0,0,250,237,127,0,124,54443
123,FF de tennis,,,,,,,,,,,,,,,,,,,,,,,,,,,,,,,,,,,,,,,,,,,,,,,,,,,,,,,,,,,,,,,,,,,,,,,,,,,,,,,,,,,,,,,,,,,,,,,,,,,,,,,,,,,,,,,,
,Licences masculines,,8697,3615,2980,1828,1141,15019,3404,1922,1372,2512,3342,2035,24136,7175,993,3607,6601,2750,1547,1286,1465,4705,5063,971,3880,4531,6222,6251,4532,7900,8399,18748,2091,20512,14465,10535,2043,6989,14767,2073,4867,3941,7027,2059,15620,7989,1409,3086,501,7684,4785,5130,1369,2340,6746,1097,6349,10906,1701,24168,9325,2206,8514,7242,6761,2221,3933,11596,6617,23040,1565,3610,4568,4860,11895,27251,13853,17376,28970,3274,4895,3574,2334,12424,5765,6561,4598,3614,2752,2440,1567,18237,32913,9111,16246,14796,2054,1674,631,5848,103,278,219,4,25,2,1945,1648,2739,0,718552
,Licences féminines,,3804,1455,1325,865,499,6439,1606,802,694,1041,1619,945,9905,2806,583,1501,2725,1179,811,486,814,1880,2083,651,1865,1980,2776,2538,1798,3503,3652,7677,1025,8569,5891,3743,1118,2680,5809,1122,2361,1902,2993,966,5836,3515,663,1460,322,2568,2073,2502,622,855,2874,599,2594,4917,808,8458,3904,1003,3102,3233,3263,1097,1732,5448,2987,8935,833,1522,1641,2419,5490,11463,5241,6816,11504,1175,2013,1734,1121,5369,2427,2231,2017,1957,1469,1067,783,6562,13592,3732,6437,5798,1184,843,273,3049,40,146,90,0,8,0,980,902,1480,0,301264
,Licences non réparties,,0,0,0,0,0,0,0,0,0,0,0,0,0,0,0,0,0,0,0,0,0,0,0,0,0,0,0,0,0,0,0,0,0,0,0,0,0,0,0,0,0,0,0,0,0,0,0,0,0,0,0,0,0,0,0,0,0,0,0,0,0,0,0,0,0,0,0,0,0,0,0,0,0,0,0,0,0,0,0,0,0,0,0,0,0,0,0,0,0,0,0,0,0,0,0,0,0,0,0,0,0,0,0,0,0,0,0,0,0,0,0
,Sous/Total,,12501,5070,4305,2693,1640,21458,5010,2724,2066,3553,4961,2980,34041,9981,1576,5108,9326,3929,2358,1772,2279,6585,7146,1622,5745,6511,8998,8789,6330,11403,12051,26425,3116,29081,20356,14278,3161,9669,20576,3195,7228,5843,10020,3025,21456,11504,2072,4546,823,10252,6858,7632,1991,3195,9620,1696,8943,15823,2509,32626,13229,3209,11616,10475,10024,3318,5665,17044,9604,31975,2398,5132,6209,7279,17385,38714,19094,24192,40474,4449,6908,5308,3455,17793,8192,8792,6615,5571,4221,3507,2350,24799,46505,12843,22683,20594,3238,2517,904,8897,143,424,309,4,33,2,2925,2550,4219,0,1019816
124,FF de tennis de table,,,,,,,,,,,,,,,,,,,,,,,,,,,,,,,,,,,,,,,,,,,,,,,,,,,,,,,,,,,,,,,,,,,,,,,,,,,,,,,,,,,,,,,,,,,,,,,,,,,,,,,,,,,,,,,,
,Licences masculines,,1074,996,669,300,112,1889,474,869,193,657,364,440,4394,2158,266,1209,1339,1021,545,101,86,999,1474,107,686,1397,874,1778,1234,3207,1034,2021,372,3907,1539,3228,1082,3206,2901,480,764,1223,1777,379,7121,2980,312,1004,287,3606,2093,1108,282,2516,2428,603,2166,2992,744,10379,1990,1125,4361,1945,691,265,568,1931,1241,4104,598,942,2965,865,1159,2574,3654,2965,5480,1870,1310,540,384,1631,763,3159,1465,595,1479,567,400,4420,3445,1713,4043,2495,191,188,93,364,0,61,0,1,40,27,194,23,211,227,166768
,Licences féminines,,166,184,135,54,14,578,139,126,35,153,52,68,1968,318,37,210,216,258,163,40,27,185,220,24,122,186,184,330,214,513,194,379,69,728,469,400,341,785,798,97,158,275,439,73,1210,946,52,382,122,451,357,171,73,307,880,181,243,1084,255,3928,301,212,1254,484,146,21,132,624,226,750,107,260,564,344,188,527,541,408,1512,408,261,114,39,333,106,379,388,83,583,150,74,1383,704,299,1152,349,18,36,33,101,1,11,3,0,16,1,66,5,85,97,38645
,Licences non réparties,,0,0,0,0,0,0,0,0,0,0,0,0,0,0,0,0,0,0,0,0,0,0,0,0,0,0,0,0,0,0,0,0,0,0,0,0,0,0,0,0,0,0,0,0,0,0,0,0,0,0,0,0,0,0,0,0,0,0,0,0,0,0,0,0,0,0,0,0,0,0,0,0,0,0,0,0,0,0,0,0,0,0,0,0,0,0,0,0,0,0,0,0,0,0,0,0,0,0,0,0,0,0,0,0,0,0,0,0,0,0,0
,Sous/Total,,1240,1180,804,354,126,2467,613,995,228,810,416,508,6362,2476,303,1419,1555,1279,708,141,113,1184,1694,131,808,1583,1058,2108,1448,3720,1228,2400,441,4635,2008,3628,1423,3991,3699,577,922,1498,2216,452,8331,3926,364,1386,409,4057,2450,1279,355,2823,3308,784,2409,4076,999,14307,2291,1337,5615,2429,837,286,700,2555,1467,4854,705,1202,3529,1209,1347,3101,4195,3373,6992,2278,1571,654,423,1964,869,3538,1853,678,2062,717,474,5803,4149,2012,5195,2844,209,224,126,465,1,72,3,1,56,28,260,28,296,324,205413
125,FF de tir,,,,,,,,,,,,,,,,,,,,,,,,,,,,,,,,,,,,,,,,,,,,,,,,,,,,,,,,,,,,,,,,,,,,,,,,,,,,,,,,,,,,,,,,,,,,,,,,,,,,,,,,,,,,,,,,
,Licences masculines,,1832,1547,1232,694,580,4989,913,797,529,1190,1618,645,10296,2098,440,1123,1844,935,729,2103,2199,1881,1039,419,1422,1980,1585,1900,1235,1631,2844,3203,696,4215,3656,1559,764,1565,3774,852,1026,1003,1675,836,2110,2102,532,1175,277,1233,1357,2015,622,446,2963,1061,1551,5114,771,5875,2820,819,2759,1767,1672,988,1872,5350,3282,3953,1195,1870,1120,1655,2752,3963,2932,3761,4089,938,1384,1530,832,6374,2346,1203,1045,1264,1655,1318,568,3373,3625,1916,2830,2933,497,348,430,498,31,84,20,135,1,1,1464,57,810,7,196433
,Licences féminines,,204,170,170,82,84,617,120,113,73,134,290,95,1223,243,66,136,260,114,86,284,281,238,116,65,201,337,222,234,140,160,349,340,85,454,510,235,144,185,454,139,124,121,156,170,291,331,77,132,54,175,159,228,46,68,346,122,159,541,81,602,327,87,281,225,201,124,245,528,344,422,136,217,119,190,288,418,262,413,437,128,180,208,94,771,331,150,139,155,245,138,66,414,397,212,344,331,76,77,67,63,7,2,4,36,0,0,134,7,81,0,23557
,Licences non réparties,,0,0,0,0,0,0,0,0,0,0,0,0,0,0,0,0,0,0,0,0,0,0,0,0,0,0,0,0,0,0,0,0,0,0,0,0,0,0,0,0,0,0,0,0,0,0,0,0,0,0,0,0,0,0,0,0,0,0,0,0,0,0,0,0,0,0,0,0,0,0,0,0,0,0,0,0,0,0,0,0,0,0,0,0,0,0,0,0,0,0,0,0,0,0,0,0,0,0,0,0,0,0,0,0,0,0,0,0,0,0,0
,Sous/Total,,2036,1717,1402,776,664,5606,1033,910,602,1324,1908,740,11519,2341,506,1259,2104,1049,815,2387,2480,2119,1155,484,1623,2317,1807,2134,1375,1791,3193,3543,781,4669,4166,1794,908,1750,4228,991,1150,1124,1831,1006,2401,2433,609,1307,331,1408,1516,2243,668,514,3309,1183,1710,5655,852,6477,3147,906,3040,1992,1873,1112,2117,5878,3626,4375,1331,2087,1239,1845,3040,4381,3194,4174,4526,1066,1564,1738,926,7145,2677,1353,1184,1419,1900,1456,634,3787,4022,2128,3174,3264,573,425,497,561,38,86,24,171,1,1,1598,64,891,7,219990
126,FF de tir à l'arc,,,,,,,,,,,,,,,,,,,,,,,,,,,,,,,,,,,,,,,,,,,,,,,,,,,,,,,,,,,,,,,,,,,,,,,,,,,,,,,,,,,,,,,,,,,,,,,,,,,,,,,,,,,,,,,,
,Licences masculines,,508,862,283,184,118,385,302,202,59,277,219,236,962,718,111,219,712,426,136,65,138,424,580,62,187,326,340,588,667,1083,748,904,212,1297,670,1348,213,690,1161,311,360,342,424,291,1247,840,188,316,209,685,683,529,135,313,819,182,783,724,81,1325,1399,249,690,619,452,170,334,611,476,1413,244,489,482,323,647,464,1163,1865,2013,332,408,247,354,807,533,685,430,130,308,410,170,1533,1144,830,1017,1067,46,68,38,233,1,2,38,29,0,0,261,2,92,2,54729
,Licences féminines,,194,378,139,95,78,191,116,113,32,116,85,87,416,281,40,84,285,190,54,27,80,188,200,34,93,111,127,237,301,350,313,349,103,528,290,489,86,255,410,138,132,169,177,86,460,375,91,142,96,256,310,234,62,104,313,75,292,305,32,497,593,74,271,276,205,101,157,214,179,537,86,194,161,152,283,229,449,730,850,124,185,115,135,322,209,276,160,53,146,176,69,636,560,447,442,453,12,36,15,140,0,2,27,18,0,0,98,0,35,3,22526
,Licences non réparties,,0,0,0,0,0,0,0,0,0,0,0,0,0,0,0,0,0,0,0,0,0,0,0,0,0,0,0,0,0,0,0,0,0,0,0,0,0,0,0,0,0,0,0,0,0,0,0,0,0,0,0,0,0,0,0,0,0,0,0,0,0,0,0,0,0,0,0,0,0,0,0,0,0,0,0,0,0,0,0,0,0,0,0,0,0,0,0,0,0,0,0,0,0,0,0,0,0,0,0,0,0,0,0,0,0,0,0,0,0,0,0
,Sous/Total,,702,1240,422,279,196,576,418,315,91,393,304,323,1378,999,151,303,997,616,190,92,218,612,780,96,280,437,467,825,968,1433,1061,1253,315,1825,960,1837,299,945,1571,449,492,511,601,377,1707,1215,279,458,305,941,993,763,197,417,1132,257,1075,1029,113,1822,1992,323,961,895,657,271,491,825,655,1950,330,683,643,475,930,693,1612,2595,2863,456,593,362,489,1129,742,961,590,183,454,586,239,2169,1704,1277,1459,1520,58,104,53,373,1,4,65,47,0,0,359,2,127,5,77255
127,FF de triathlon,,,,,,,,,,,,,,,,,,,,,,,,,,,,,,,,,,,,,,,,,,,,,,,,,,,,,,,,,,,,,,,,,,,,,,,,,,,,,,,,,,,,,,,,,,,,,,,,,,,,,,,,,,,,,,,,
,Licences masculines,,434,172,272,162,110,857,339,110,27,352,209,118,1169,329,38,170,567,174,153,208,71,558,260,93,247,294,448,309,170,505,302,842,62,912,549,651,102,415,700,231,226,199,351,138,1246,311,76,149,21,477,168,346,144,273,458,97,595,654,114,1093,499,161,922,252,522,108,166,604,404,858,191,392,514,347,628,929,605,780,1127,215,225,186,77,631,321,678,225,150,399,130,130,743,1245,243,591,489,198,84,2,490,1,0,12,12,0,0,248,49,74,7,38691
,Licences féminines,,146,57,129,68,38,319,173,59,15,131,78,41,392,90,4,58,220,91,78,120,17,234,71,62,111,116,218,87,55,112,69,264,17,301,202,118,56,140,237,108,54,91,94,48,306,86,35,55,6,76,34,102,63,43,188,22,210,273,43,388,174,82,403,78,178,38,51,234,185,246,72,165,121,131,231,214,200,238,347,47,74,56,25,215,150,231,68,80,172,49,79,227,349,68,154,131,131,39,1,280,0,0,6,2,0,0,113,8,58,8,13328
,Licences non réparties,,0,0,0,0,0,0,0,0,0,0,0,0,0,0,0,0,0,0,0,0,0,0,0,0,0,0,0,0,0,0,0,0,0,0,0,0,0,0,0,0,0,0,0,0,0,0,0,0,0,0,0,0,0,0,0,0,0,0,0,0,0,0,0,0,0,0,0,0,0,0,0,0,0,0,0,0,0,0,0,0,0,0,0,0,0,0,0,0,0,0,0,0,0,0,0,0,0,0,0,0,0,0,0,0,0,0,0,0,0,0,0
,Sous/Total,,580,229,401,230,148,1176,512,169,42,483,287,159,1561,419,42,228,787,265,231,328,88,792,331,155,358,410,666,396,225,617,371,1106,79,1213,751,769,158,555,937,339,280,290,445,186,1552,397,111,204,27,553,202,448,207,316,646,119,805,927,157,1481,673,243,1325,330,700,146,217,838,589,1104,263,557,635,478,859,1143,805,1018,1474,262,299,242,102,846,471,909,293,230,571,179,209,970,1594,311,745,620,329,123,3,770,1,0,18,14,0,0,361,57,132,15,52019
128,FF de voile,,,,,,,,,,,,,,,,,,,,,,,,,,,,,,,,,,,,,,,,,,,,,,,,,,,,,,,,,,,,,,,,,,,,,,,,,,,,,,,,,,,,,,,,,,,,,,,,,,,,,,,,,,,,,,,,
,Licences masculines,,977,355,330,333,396,5760,242,283,129,494,1221,180,8669,2725,157,294,3988,300,119,1067,376,789,4194,67,231,509,527,900,923,4747,612,2284,158,4734,3823,4751,113,937,2072,181,599,473,580,121,6632,844,74,123,38,1315,3011,603,231,311,525,128,5227,820,137,3504,757,189,1674,668,905,105,735,1004,569,3431,204,349,613,975,3332,8051,5004,1405,4867,356,467,285,190,6939,448,2136,418,325,232,234,121,2158,6316,914,2221,1281,1059,961,450,506,174,176,190,30,40,14,1052,210,4678,477,156138
,Licences féminines,,618,151,164,141,244,2903,112,213,52,214,650,89,4329,1281,92,140,1901,143,72,630,223,472,2417,43,121,332,272,557,581,2236,303,1021,77,2405,1856,2534,63,409,1146,113,322,238,295,69,3200,445,36,75,19,622,1593,343,110,153,300,77,2453,396,103,2001,450,87,932,327,435,48,348,513,291,1768,127,219,319,492,1839,4975,3381,686,2799,183,257,120,103,3764,215,937,189,128,113,136,49,1135,3644,511,1275,659,343,316,305,231,158,158,64,4,18,0,504,72,2807,340,82944
,Licences non réparties,,0,0,0,0,0,0,0,0,0,0,0,0,0,0,0,0,0,0,0,0,0,0,0,0,0,0,0,0,0,0,0,0,0,0,0,0,0,0,0,0,0,0,0,0,0,0,0,0,0,0,0,0,0,0,0,0,0,0,0,0,0,0,0,0,0,0,0,0,0,0,0,0,0,0,0,0,0,0,0,0,0,0,0,0,0,0,0,0,0,0,0,0,0,0,0,0,0,0,0,0,0,0,0,0,0,0,0,0,0,6812,6812
,Sous/Total,,1595,506,494,474,640,8663,354,496,181,708,1871,269,12998,4006,249,434,5889,443,191,1697,599,1261,6611,110,352,841,799,1457,1504,6983,915,3305,235,7139,5679,7285,176,1346,3218,294,921,711,875,190,9832,1289,110,198,57,1937,4604,946,341,464,825,205,7680,1216,240,5505,1207,276,2606,995,1340,153,1083,1517,860,5199,331,568,932,1467,5171,13026,8385,2091,7666,539,724,405,293,10703,663,3073,607,453,345,370,170,3293,9960,1425,3496,1940,1402,1277,755,737,332,334,254,34,58,14,1556,282,7485,7629,245894
129,FF de volleyball,,,,,,,,,,,,,,,,,,,,,,,,,,,,,,,,,,,,,,,,,,,,,,,,,,,,,,,,,,,,,,,,,,,,,,,,,,,,,,,,,,,,,,,,,,,,,,,,,,,,,,,,,,,,,,,,
,Licences masculines,,384,354,123,97,127,1898,220,79,128,102,230,68,1271,476,93,183,536,3,112,145,37,335,570,0,160,181,424,464,256,425,358,583,14,1295,1891,2365,10,555,904,79,254,61,1105,152,1812,648,7,102,86,693,188,171,226,381,653,88,521,738,4,2799,482,165,868,243,433,174,332,1149,865,2090,58,328,353,177,243,1086,506,1013,1340,258,243,325,68,1040,615,582,784,72,310,238,90,1176,2304,727,1256,1117,273,268,229,991,0,474,0,0,31,2,977,66,0,219,54864
,Licences féminines,,370,308,127,87,88,1660,267,67,92,65,245,59,1410,326,115,187,463,2,143,96,36,281,609,1,139,208,486,391,261,524,336,857,7,1274,1893,2312,10,513,951,81,374,50,797,85,1319,525,2,141,80,578,225,124,111,460,490,51,541,710,6,2106,360,145,757,374,576,196,265,1040,1089,1504,49,234,369,155,296,938,344,859,1021,204,292,587,97,1130,482,753,548,55,209,204,109,1036,1844,612,1118,889,363,391,254,870,0,250,0,2,70,1,1238,93,0,211,50605
,Licences non réparties,,0,0,0,0,0,0,0,0,0,0,0,0,0,0,0,0,0,0,0,0,0,0,0,0,0,0,0,0,0,0,0,0,0,0,0,0,0,0,0,0,0,0,0,0,0,0,0,0,0,0,0,0,0,0,0,0,0,0,0,0,0,0,0,0,0,0,0,0,0,0,0,0,0,0,0,0,0,0,0,0,0,0,0,0,0,0,0,0,0,0,0,0,0,0,0,0,0,0,0,0,0,0,0,0,0,0,0,0,0,0,0
,Sous/Total,,754,662,250,184,215,3558,487,146,220,167,475,127,2681,802,208,370,999,5,255,241,73,616,1179,1,299,389,910,855,517,949,694,1440,21,2569,3784,4677,20,1068,1855,160,628,111,1902,237,3131,1173,9,243,166,1271,413,295,337,841,1143,139,1062,1448,10,4905,842,310,1625,617,1009,370,597,2189,1954,3594,107,562,722,332,539,2024,850,1872,2361,462,535,912,165,2170,1097,1335,1332,127,519,442,199,2212,4148,1339,2374,2006,636,659,483,1861,0,724,0,2,101,3,2215,159,0,430,105469
131,FF de hockey sur glace,,,,,,,,,,,,,,,,,,,,,,,,,,,,,,,,,,,,,,,,,,,,,,,,,,,,,,,,,,,,,,,,,,,,,,,,,,,,,,,,,,,,,,,,,,,,,,,,,,,,,,,,,,,,,,,,
,Licences masculines,,68,46,5,6,617,254,33,113,13,87,58,3,266,333,30,9,19,17,157,1,0,226,86,2,8,129,196,145,5,225,63,310,8,373,342,170,35,318,926,8,35,44,131,2,306,156,5,1,0,590,16,329,2,3,59,68,51,209,1,648,121,1,15,367,257,34,52,324,504,425,32,71,120,655,1325,482,688,329,247,127,329,97,3,101,162,202,172,237,349,1,131,421,966,301,351,749,0,0,0,0,154,0,0,0,0,0,0,7,23,22,19320
,Licences féminines,,9,7,0,0,84,19,6,7,0,21,12,0,25,37,3,2,1,2,23,0,0,35,12,0,0,24,33,8,0,23,6,41,0,31,38,23,6,50,152,1,3,1,16,0,47,22,1,0,0,49,4,38,0,0,4,7,5,23,0,88,17,0,1,43,25,8,7,52,83,35,8,5,5,137,176,42,53,45,17,14,37,25,0,11,24,19,16,30,38,0,14,35,76,68,47,121,0,0,0,1,13,0,0,0,0,0,0,0,1,6,2404
,Licences non réparties,,0,0,0,0,0,0,0,0,0,0,0,0,0,0,0,0,0,0,0,0,0,0,0,0,0,0,0,0,0,0,0,0,0,0,0,0,0,0,0,0,0,0,0,0,0,0,0,0,0,0,0,0,0,0,0,0,0,0,0,0,0,0,0,0,0,0,0,0,0,0,0,0,0,0,0,0,0,0,0,0,0,0,0,0,0,0,0,0,0,0,0,0,0,0,0,0,0,0,0,0,0,0,0,0,0,0,0,0,0,0,0
,Sous/Total,,77,53,5,6,701,273,39,120,13,108,70,3,291,370,33,11,20,19,180,1,0,261,98,2,8,153,229,153,5,248,69,351,8,404,380,193,41,368,1078,9,38,45,147,2,353,178,6,1,0,639,20,367,2,3,63,75,56,232,1,736,138,1,16,410,282,42,59,376,587,460,40,76,125,792,1501,524,741,374,264,141,366,122,3,112,186,221,188,267,387,1,145,456,1042,369,398,870,0,0,0,1,167,0,0,0,0,0,0,7,24,28,21724
132,FF de golf,,,,,,,,,,,,,,,,,,,,,,,,,,,,,,,,,,,,,,,,,,,,,,,,,,,,,,,,,,,,,,,,,,,,,,,,,,,,,,,,,,,,,,,,,,,,,,,,,,,,,,,,,,,,,,,,
,Licences masculines,,3698,981,1126,681,383,6826,702,309,473,806,749,656,10009,3176,410,1382,3200,931,709,561,357,1863,2257,207,1550,1262,1717,2262,1530,2439,2720,8743,907,10359,3452,4617,460,2450,3974,695,3087,915,2391,513,6241,2574,721,1436,127,2276,1982,2428,242,604,2155,354,2628,2922,468,9175,3238,808,3117,2634,6150,1076,1234,4112,2174,8908,329,1419,1447,1747,5016,18293,5085,5523,15175,1028,1457,1649,947,6109,2349,1995,1440,1454,854,847,357,6578,17142,2111,5609,5620,364,108,136,1961,0,104,15,65,0,192,287,658,13519,10,297278
,Licences féminines,,1466,336,446,244,144,2980,268,98,184,299,248,166,3961,1098,135,500,1205,356,251,214,145,715,816,70,541,531,590,762,462,874,1036,2990,304,3663,1298,1562,159,763,1460,316,1257,341,914,186,2054,833,233,454,49,790,731,841,81,203,825,122,972,1148,192,3259,1114,245,1085,930,2613,392,503,1878,970,3429,153,472,460,731,2311,7664,1883,1666,5446,303,507,533,289,2982,952,653,493,473,358,326,130,2074,6982,582,1875,2010,142,36,43,817,0,49,3,17,0,81,115,355,6715,2,112983
,Licences non réparties,,0,0,0,0,0,0,0,0,0,0,0,0,0,0,0,0,0,0,0,0,0,0,0,0,0,0,0,0,0,0,0,0,0,0,0,0,0,0,0,0,0,0,0,0,0,0,0,0,0,0,0,0,0,0,0,0,0,0,0,0,0,0,0,0,0,0,0,0,0,0,0,0,0,0,0,0,0,0,0,0,0,0,0,0,0,0,0,0,0,0,0,0,0,0,0,0,0,0,0,0,0,0,0,0,0,0,0,0,0,0,0
,Sous/Total,,5164,1317,1572,925,527,9806,970,407,657,1105,997,822,13970,4274,545,1882,4405,1287,960,775,502,2578,3073,277,2091,1793,2307,3024,1992,3313,3756,11733,1211,14022,4750,6179,619,3213,5434,1011,4344,1256,3305,699,8295,3407,954,1890,176,3066,2713,3269,323,807,2980,476,3600,4070,660,12434,4352,1053,4202,3564,8763,1468,1737,5990,3144,12337,482,1891,1907,2478,7327,25957,6968,7189,20621,1331,1964,2182,1236,9091,3301,2648,1933,1927,1212,1173,487,8652,24124,2693,7484,7630,506,144,179,2778,0,153,18,82,0,273,402,1013,20234,12,410261
133,FF de rugby,,,,,,,,,,,,,,,,,,,,,,,,,,,,,,,,,,,,,,,,,,,,,,,,,,,,,,,,,,,,,,,,,,,,,,,,,,,,,,,,,,,,,,,,,,,,,,,,,,,,,,,,,,,,,,,,
,Licences masculines,,4604,989,1925,804,469,2387,2906,361,2729,431,4503,2499,7091,1136,2161,1697,3803,1357,3989,491,592,2429,1054,425,4651,1309,5002,1407,1269,2660,3468,15113,4357,12073,8162,2161,891,2063,11026,1558,8141,1140,1730,1128,3877,2279,2297,5126,403,1339,1083,923,273,344,1330,444,2383,1288,901,4113,1886,571,1775,6652,12758,4528,5104,1946,1268,5971,409,3365,755,2076,2667,4070,2977,3611,5200,1437,596,5350,4024,6981,3083,1483,1272,2235,506,1032,179,4576,5605,2675,2866,2318,693,850,636,1943,26,400,106,206,115,0,301,88,279,184,288178
,Licences féminines,,380,97,163,63,57,187,324,20,154,54,357,229,514,138,223,178,340,88,361,39,52,182,126,69,493,132,521,152,132,313,177,1134,299,917,666,221,85,246,915,115,681,91,151,115,230,241,329,378,52,111,98,71,35,23,122,42,186,110,86,432,122,75,175,484,806,342,490,225,136,422,48,260,107,129,226,296,300,354,436,160,38,557,342,436,193,100,138,217,68,62,19,582,411,359,239,309,113,164,150,241,4,79,5,18,26,0,23,0,55,21,25059
,Licences non réparties,,0,0,0,0,0,0,0,0,0,0,0,0,0,0,0,0,0,0,0,0,0,0,0,0,0,0,0,0,0,0,0,0,0,0,0,0,0,0,0,0,0,0,0,0,0,0,0,0,0,0,0,0,0,0,0,0,0,0,0,0,0,0,0,0,0,0,0,0,0,0,0,0,0,0,0,0,0,0,0,0,0,0,0,0,0,0,0,0,0,0,0,0,0,0,0,0,0,0,0,0,0,0,0,0,0,0,0,0,0,0,0
,Sous/Total,,4984,1086,2088,867,526,2574,3230,381,2883,485,4860,2728,7605,1274,2384,1875,4143,1445,4350,530,644,2611,1180,494,5144,1441,5523,1559,1401,2973,3645,16247,4656,12990,8828,2382,976,2309,11941,1673,8822,1231,1881,1243,4107,2520,2626,5504,455,1450,1181,994,308,367,1452,486,2569,1398,987,4545,2008,646,1950,7136,13564,4870,5594,2171,1404,6393,457,3625,862,2205,2893,4366,3277,3965,5636,1597,634,5907,4366,7417,3276,1583,1410,2452,574,1094,198,5158,6016,3034,3105,2627,806,1014,786,2184,30,479,111,224,141,0,324,88,334,205,313237
