Codes Fédé,Fédérations françaises agréées en 2018,Obs,Ain,Aisne,Allier,Alpes-de-Haute-Provence,Hautes-Alpes,Alpes-Maritimes,Ardèche,Ardennes,Ariège,Aube,Aude,Aveyron,Bouches-du-Rhône,Calvados,Cantal,Charente,Charente-Maritime,Cher,Corrèze,Corse-du-Sud,Haute-Corse,Côte-d'Or,Côtes-d'Armor,Creuse,Dordogne,Doubs,Drôme,Eure,Eure-et-Loir,Finistère,Gard,Haute-Garonne,Gers,Gironde,Hérault,Ille-et-Vilaine,Indre,Indre-et-Loire,Isère,Jura,Landes,Loir-et-Cher,Loire,Haute-Loire,Loire-Atlantique,Loiret,Lot,Lot-et-Garonne,Lozère,Maine-et-Loire,Manche,Marne,Haute-Marne,Mayenne,Meurthe-et-Moselle,Meuse,Morbihan,Moselle,Nièvre,Nord,Oise,Orne,Pas-de-Calais,Puy-de-Dôme,Pyrénées-Atlantiques,Hautes-Pyrénées,Pyrénées-Orientales,Bas-Rhin,Haut-Rhin,Rhône,Haute-Saône,Saône-et-Loire,Sarthe,Savoie,Haute-Savoie,Paris,Seine-Maritime,Seine-et-Marne,Yvelines,Deux-Sèvres,Somme,Tarn,Tarn-et-Garonne,Var,Vaucluse,Vendée,Vienne,Haute-Vienne,Vosges,Yonne,Territoire de Belfort,Essonne,Hauts-de-Seine,Seine-Saint-Denis,Val-de-Marne,Val-d'Oise,Guadeloupe,Martinique,Guyane,La Réunion,Saint-Pierre-et-Miquelon,Mayotte,St Barthélémy,St Martin,Wallis et Futuna,Polynésie Française,Nouvelle Calédonie,Monaco,Autres,Non réparti par département et par région,TOTAL
Fédérations unisport olympiques,,,,,,,,,,,,,,,,,,,,,,,,,,,,,,,,,,,,,,,,,,,,,,,,,,,,,,,,,,,,,,,,,,,,,,,,,,,,,,,,,,,,,,,,,,,,,,,,,,,,,,,,,,,,,,,,,
101,FF d'athlétisme,,21,17,8,5,9,30,10,25,4,13,11,11,69,23,9,8,23,13,17,11,16,16,34,8,12,15,14,24,18,28,26,31,4,61,31,57,9,21,33,8,16,15,20,7,58,23,6,12,9,47,18,22,6,20,31,9,36,31,11,73,38,7,46,24,29,19,14,35,33,31,4,11,31,13,25,44,38,60,62,10,31,22,6,48,17,40,14,22,24,16,6,49,44,33,34,38,36,38,12,57,2,6,1,5,5,13,15,1,0,6,2488
102,FF d'aviron,,9,3,2,3,1,4,1,4,0,2,5,2,16,3,0,3,4,1,2,3,2,3,6,0,3,4,5,3,1,17,3,14,2,12,10,7,0,4,7,3,4,4,5,1,10,4,4,7,0,4,3,4,1,2,5,4,9,4,1,10,2,0,4,1,6,0,5,5,3,12,2,3,2,3,9,1,7,6,8,1,2,3,4,9,2,3,1,2,2,2,1,7,5,2,9,6,5,13,3,2,0,0,0,0,0,4,0,1,0,2,430
103,FF de badminton,,16,7,10,6,7,18,9,13,4,8,4,11,41,27,4,10,20,23,11,1,3,14,27,12,18,18,11,14,24,21,17,40,4,56,20,81,19,28,43,10,17,26,18,7,49,40,11,13,4,39,14,16,4,28,23,6,34,27,5,58,16,22,39,27,8,2,16,57,25,32,12,13,20,12,16,27,40,47,43,6,13,9,7,20,10,25,12,26,14,11,1,40,24,20,28,27,7,5,3,15,0,0,0,0,1,0,10,1,0,0,1978
105,FF de basketball,,40,21,23,12,8,37,25,16,11,15,9,31,71,46,9,18,36,19,17,4,10,30,44,16,26,17,27,32,25,58,29,67,29,21,35,106,20,42,83,14,71,21,113,20,138,71,17,45,5,125,21,28,6,38,39,12,61,35,19,168,36,18,101,63,51,20,21,100,66,118,10,46,52,22,24,50,74,60,57,27,17,27,17,33,22,87,26,29,26,22,5,55,39,39,42,41,25,22,15,25,0,39,0,0,1,9,14,2,0,3,3950
106,FF de boxe,,5,9,6,3,2,18,7,4,2,4,4,3,32,10,0,2,5,5,7,3,3,3,10,1,5,10,3,9,8,6,14,21,5,31,18,4,4,7,18,5,8,5,13,3,18,7,2,6,1,9,8,8,5,5,11,3,10,19,4,34,13,4,23,14,9,3,9,13,11,26,3,7,9,3,11,20,14,18,16,4,5,4,1,17,9,7,4,4,1,3,3,15,16,28,17,13,9,11,8,12,0,0,0,2,1,0,8,0,0,0,923
107,FF de canoë-kayak,,8,13,4,3,5,8,12,6,3,5,3,3,10,7,1,10,9,6,8,0,3,9,19,2,7,15,4,9,5,20,5,9,5,18,11,19,4,6,8,1,10,4,5,2,19,8,2,8,2,12,8,10,2,4,11,3,20,10,6,11,4,3,14,3,14,6,3,13,3,5,3,6,5,4,8,3,10,16,9,3,10,4,3,15,5,13,8,3,4,8,2,6,5,6,11,2,9,2,10,11,0,4,0,0,3,0,1,0,0,0,740
108,FF de cyclisme,,23,26,18,16,16,32,18,12,11,11,14,14,71,32,10,19,29,20,10,12,12,23,56,13,23,30,28,27,18,56,25,29,7,51,44,52,14,37,44,17,10,16,31,9,48,32,7,15,7,34,38,19,9,17,22,9,47,26,9,64,30,22,46,26,25,20,15,26,27,43,13,32,42,33,49,8,49,41,27,17,26,19,10,55,29,40,16,23,21,19,4,30,20,21,12,25,62,25,9,31,0,4,0,3,0,14,12,1,0,98,2709
109,FF d'équitation,,143,85,72,53,48,103,57,41,49,39,79,73,262,151,34,79,120,79,59,29,45,82,105,35,92,71,113,155,99,132,157,169,66,246,183,133,51,113,163,62,78,76,114,37,189,107,50,92,23,137,114,77,37,51,101,33,146,122,51,238,173,86,148,113,104,44,77,126,85,98,62,114,90,56,96,34,169,245,199,63,98,85,60,177,107,136,71,76,58,85,17,141,31,7,20,91,12,9,11,38,1,2,1,1,0,4,24,2,57,0,9404
110,FF d'escrime,,9,3,4,5,3,11,8,3,2,3,3,3,17,11,2,2,8,4,3,2,2,7,10,3,6,5,9,13,2,4,6,15,2,17,9,15,1,6,12,6,4,2,5,6,9,8,1,2,0,5,5,7,4,1,11,2,6,9,2,21,10,2,10,5,6,2,6,11,11,26,2,6,7,4,5,31,13,23,27,2,6,5,2,11,6,7,6,4,5,3,2,24,30,18,26,13,7,4,3,8,0,0,0,0,0,0,4,1,0,20,790
111,FF de football,,126,156,144,32,14,106,80,117,38,92,65,106,200,157,74,131,133,89,77,34,53,117,221,68,131,155,99,122,95,234,153,249,48,254,168,261,119,130,214,71,63,98,200,107,247,112,63,50,30,181,145,154,82,179,166,47,246,324,71,564,203,87,412,186,91,36,59,338,204,271,70,143,172,62,124,176,291,172,153,142,185,97,65,125,82,160,166,115,85,102,34,129,126,116,124,117,87,81,72,222,7,123,5,7,2,0,0,1,5,9,13903
112,FF des sports de glace,,1,0,0,0,2,3,0,1,0,1,1,0,2,1,0,2,0,0,3,0,0,2,0,0,0,2,2,1,0,1,2,4,0,1,3,3,1,3,7,1,0,1,2,0,4,4,0,0,0,2,0,4,0,0,1,0,2,3,0,3,2,0,0,3,2,0,1,2,2,3,0,0,0,9,7,6,5,1,3,1,1,1,0,1,1,1,3,2,1,1,3,4,2,1,3,4,0,0,0,0,2,0,0,0,0,0,0,0,0,5,159
113,FF de gymnastique,,22,12,11,3,3,23,6,8,7,7,6,5,33,19,2,6,14,13,3,4,7,16,8,0,6,16,11,13,12,27,6,20,4,38,18,29,5,10,17,8,8,9,13,5,27,17,3,8,0,17,12,11,5,4,18,1,12,32,12,49,19,2,18,12,8,3,7,44,40,45,5,24,18,10,14,10,52,35,36,19,5,8,4,28,8,12,16,5,10,7,5,35,35,27,34,28,10,18,4,13,0,0,0,1,0,0,5,3,0,0,1483
114,FF d'haltérophilie - musculation,,3,4,1,1,0,4,2,0,1,2,1,1,11,5,1,1,4,1,2,0,0,1,1,0,1,2,4,5,2,6,1,7,0,13,9,2,3,1,6,1,2,3,2,0,8,5,3,0,0,1,1,1,1,3,4,0,5,4,1,10,8,1,3,6,5,4,1,13,7,6,2,2,3,2,2,3,2,7,3,0,9,1,1,8,7,2,1,4,1,1,1,2,6,5,4,5,6,3,1,12,0,0,0,0,0,0,4,1,0,0,329
115,FF de handball,(E) ,0,0,0,0,0,0,0,0,0,0,0,0,0,0,0,0,0,0,0,0,0,0,0,0,0,0,0,0,0,0,0,0,0,0,0,0,0,0,0,0,0,0,0,0,0,0,0,0,0,0,0,0,0,0,0,0,0,0,0,0,0,0,0,0,0,0,0,0,0,0,0,0,0,0,0,0,0,0,0,0,0,0,0,0,0,0,0,0,0,0,0,0,0,0,0,0,0,0,0,0,0,0,0,0,0,0,0,0,0,2435,2435
116,FF de hockey,,1,0,0,0,0,5,1,0,0,0,0,1,3,4,0,0,0,1,0,0,0,1,1,0,0,1,2,0,2,4,0,2,4,10,2,6,0,2,2,0,0,3,4,0,6,4,0,2,0,3,0,0,0,2,1,0,2,0,0,14,1,0,14,0,0,0,0,2,0,5,0,0,2,0,0,7,13,1,5,0,2,3,0,1,0,0,0,1,0,0,0,1,8,2,2,1,0,0,0,4,0,0,0,0,0,0,0,0,0,0,171
117,FF de judo-jujitsu et disciplines associées,,42,52,27,25,14,66,22,19,15,32,38,20,144,71,10,24,52,32,19,17,16,56,42,14,50,58,29,52,43,67,70,121,31,173,99,86,30,52,92,30,42,25,48,24,82,58,15,37,9,73,35,37,20,27,85,24,74,86,24,180,93,32,100,68,59,21,44,96,65,118,32,35,47,22,50,111,113,157,130,24,58,46,19,90,54,46,49,43,51,40,9,118,60,68,66,93,26,32,13,37,1,6,2,0,1,1,28,3,0,37,5471
118,FF de lutte et disciplines associées,,5,5,2,1,0,7,3,1,1,2,1,0,10,8,0,1,1,0,0,0,0,10,11,0,1,5,0,1,1,24,2,8,1,18,9,11,0,5,9,2,3,0,2,1,17,2,0,2,0,2,4,5,0,1,2,0,7,7,0,16,6,2,10,17,3,9,3,10,9,11,2,11,2,3,3,9,4,13,6,0,0,1,6,4,1,0,2,5,2,0,1,8,12,25,11,5,0,0,0,16,0,0,0,0,0,14,0,0,0,0,483
119,FF de natation ,,6,9,10,2,4,19,6,7,4,4,8,6,36,16,3,10,11,7,3,3,6,7,11,3,5,8,7,13,7,16,9,19,3,27,16,13,6,9,26,4,8,7,11,6,22,13,8,6,2,13,14,8,4,9,17,3,15,17,6,47,17,5,25,14,16,5,10,22,16,32,4,15,13,10,17,21,26,27,27,8,11,7,3,16,11,9,11,6,9,8,2,28,29,27,24,28,12,12,10,20,1,0,1,1,0,9,8,1,0,50,1309
120,FF de pentathlon moderne,,0,1,0,1,0,0,0,0,1,0,3,0,4,0,0,0,0,0,1,0,0,0,0,0,0,0,0,0,0,0,0,1,1,2,0,2,0,0,2,0,0,0,0,0,0,0,0,0,0,0,0,0,0,0,0,0,0,0,0,0,2,0,0,0,0,0,11,1,1,0,0,0,0,0,0,2,1,3,0,0,0,0,0,1,0,0,0,1,0,0,0,0,1,2,1,0,0,0,1,1,0,0,0,0,0,0,0,0,0,0,48
121,FF de ski,,19,0,3,8,31,43,5,1,15,0,11,7,20,0,4,1,2,1,6,5,4,4,0,0,0,20,19,0,0,6,9,20,7,16,8,1,1,0,75,22,8,0,15,2,2,1,0,2,3,0,0,1,0,1,6,0,0,11,2,1,0,0,1,28,25,19,15,30,54,26,4,8,1,75,116,19,0,3,8,1,0,0,2,13,7,0,3,2,19,2,7,4,3,3,4,3,0,0,0,0,0,0,0,0,0,0,0,1,2,0,957
122,FF de taekwondo et disciplines associées,,7,2,3,1,1,16,3,1,1,4,6,7,31,8,0,1,6,3,2,6,13,2,1,1,1,1,6,7,12,1,14,32,1,13,29,8,1,5,19,1,3,1,4,3,16,17,3,7,0,4,0,1,2,1,17,1,5,14,1,31,9,1,5,5,3,3,14,16,9,38,0,1,9,5,14,40,13,40,28,7,6,5,2,24,10,8,3,5,3,1,2,50,20,23,32,16,9,4,7,19,1,1,1,0,0,10,9,3,0,0,942
123,FF de tennis,,98,50,62,29,17,89,50,35,24,45,56,36,167,87,20,63,113,56,39,12,23,69,66,23,63,67,80,65,60,111,112,189,33,220,146,150,39,91,148,27,86,63,93,38,132,113,28,59,13,98,59,68,32,35,72,20,79,150,39,198,100,40,93,89,74,40,67,147,87,169,27,62,54,46,89,158,139,163,160,58,68,50,28,102,79,96,64,62,48,55,19,143,63,56,69,92,35,30,14,52,1,10,3,6,2,0,24,1,0,0,7539
124,FF de tennis de table,,25,33,20,7,5,27,11,30,6,16,13,16,31,49,14,32,35,28,17,6,2,21,34,4,15,49,14,54,32,76,30,25,8,56,31,92,26,56,43,17,18,34,38,11,128,61,11,13,11,78,51,37,8,79,48,12,55,51,17,170,51,43,90,44,14,7,18,54,26,64,18,18,60,12,19,23,93,56,69,33,45,11,10,29,14,69,23,19,29,14,13,61,39,26,36,44,6,10,3,12,0,8,0,0,3,1,9,0,0,2,3385
125,FF de tir,,13,16,11,5,6,18,6,13,6,14,14,8,70,22,10,10,18,9,10,16,16,17,12,4,12,28,12,17,10,18,23,26,10,19,28,12,14,16,26,10,6,12,15,7,13,22,5,11,7,9,12,23,8,4,24,12,14,37,12,45,21,6,31,20,8,9,13,56,42,32,12,16,9,15,21,22,19,29,19,15,15,16,9,27,18,8,11,11,19,17,3,26,15,18,12,19,16,8,5,7,1,2,0,1,0,0,8,0,0,0,1630
126,FF de tir à l'arc,,15,55,11,7,3,9,9,6,2,13,6,9,31,19,5,5,22,16,5,4,3,13,16,3,7,12,13,15,25,27,19,18,8,31,18,30,9,17,33,10,10,11,13,11,33,26,6,14,9,16,16,17,6,9,22,9,22,27,3,40,76,8,25,15,10,6,11,15,18,37,9,14,15,13,15,10,36,50,40,8,17,8,10,24,16,20,12,6,12,13,6,33,23,28,26,28,2,3,1,6,0,1,1,1,0,0,8,1,0,0,1636
127,FF de triathlon,,24,10,20,7,12,63,23,5,5,11,20,8,53,15,5,11,23,8,14,21,11,21,23,7,21,8,16,20,16,44,16,39,7,51,35,36,6,17,39,8,15,14,12,9,56,14,7,15,9,23,13,17,21,13,31,7,67,34,8,84,32,16,59,19,33,8,16,56,19,45,7,19,17,21,29,43,29,53,53,12,20,10,3,61,25,28,10,14,26,14,3,38,28,21,21,21,26,21,0,34,0,1,2,2,0,9,23,2,0,44,2361
128,FF de voile,,5,5,3,4,5,35,2,2,1,4,16,1,51,26,3,1,45,4,3,15,9,5,36,1,1,6,3,4,4,75,4,7,2,23,32,14,2,5,8,1,10,5,3,0,39,6,0,0,1,8,24,4,4,4,6,1,47,8,2,22,4,0,13,5,9,0,11,9,4,13,1,5,4,2,14,20,19,11,23,3,9,2,1,51,0,32,2,3,3,2,0,15,13,1,11,7,18,10,6,8,2,4,6,2,1,0,16,2,0,0,1064
129,FF de volleyball,,9,12,4,2,3,34,8,4,5,1,6,3,25,16,3,6,16,1,5,3,2,8,11,0,5,9,14,16,6,10,4,17,0,29,32,59,1,12,24,3,8,3,23,7,36,18,0,5,2,20,7,4,3,15,27,3,14,17,0,57,11,5,25,9,16,9,11,23,22,37,1,14,11,4,7,26,10,21,18,7,9,13,3,22,16,19,21,2,7,9,2,27,27,14,27,21,11,16,8,21,0,16,0,1,10,0,130,6,0,23,1465
131,FF de hockey sur glace,,1,0,0,0,6,1,1,1,0,1,1,0,2,1,1,0,0,0,1,0,0,1,1,0,0,1,1,1,0,1,1,1,0,1,1,1,1,3,6,0,0,1,1,0,1,1,0,0,0,2,1,2,0,0,1,0,1,1,0,3,1,0,0,2,1,1,1,1,2,1,0,0,0,5,10,1,4,1,1,1,1,1,0,2,1,1,2,1,2,0,1,1,5,2,3,6,0,0,0,0,3,0,0,0,0,0,0,0,0,0,118
132,FF de golf,,20,6,10,7,2,54,3,3,3,3,3,5,50,19,6,14,18,11,9,5,4,20,16,2,11,10,13,11,14,24,16,54,7,77,32,35,6,19,31,6,16,9,14,6,52,29,4,8,4,23,12,19,2,7,10,3,18,11,1,46,14,6,10,20,22,9,6,24,14,31,5,7,9,14,24,58,32,23,68,9,10,8,5,27,11,10,12,15,8,7,5,29,68,13,21,28,2,2,3,3,0,1,0,1,0,6,6,7,7,0,1673
133,FF de rugby,,29,7,12,4,4,11,22,4,30,4,34,14,38,8,14,14,23,13,37,5,11,17,11,4,33,8,28,13,8,20,22,79,28,66,50,21,8,13,66,10,48,9,12,9,24,16,17,39,5,11,9,5,2,3,8,3,18,10,10,26,12,4,16,48,79,30,44,10,8,32,5,26,7,11,12,19,19,18,22,8,7,43,25,43,20,11,10,22,4,9,1,27,28,18,13,12,7,8,9,13,1,13,1,1,6,0,20,1,4,1,1935
134,FF de karaté et arts martiaux affinitaires,,33,32,26,13,14,124,20,19,9,17,18,17,182,50,5,21,38,22,18,15,14,32,30,8,23,50,33,60,28,40,58,105,12,110,90,57,13,46,91,13,18,18,44,23,84,43,11,18,4,45,23,37,8,18,54,15,52,64,12,156,72,15,66,52,35,20,41,65,70,130,13,22,37,42,34,184,96,157,143,16,28,14,10,108,35,24,25,27,20,20,5,128,97,79,84,108,33,37,16,130,1,8,0,1,2,12,21,3,0,106,4845
135,FF de la montagne et de l'escalade,,8,3,5,9,11,30,9,2,7,3,5,5,36,9,2,3,8,3,4,5,10,9,10,1,5,15,11,15,4,7,6,45,2,23,16,18,5,10,46,7,5,2,17,6,17,9,6,2,1,8,5,12,2,7,6,2,8,6,4,15,7,4,12,14,28,13,5,14,14,37,1,7,3,22,38,7,14,13,21,7,3,8,5,18,5,8,5,5,5,6,1,20,16,7,10,8,1,4,1,10,0,1,0,0,0,2,6,0,0,9,1017
136,FF de roller sports,,3,3,4,1,8,6,2,2,1,4,4,4,15,9,0,7,24,2,2,1,2,8,16,0,4,8,8,6,3,31,9,25,2,37,16,27,2,9,26,3,9,2,6,1,39,10,1,2,0,7,8,10,2,6,6,0,12,10,2,27,11,6,10,3,11,5,4,8,5,20,2,9,17,8,21,27,22,25,11,11,5,11,2,12,5,17,4,4,4,3,4,20,8,12,8,13,3,2,1,12,0,0,0,0,0,0,0,0,3,0,893
137,FF de surf,,0,0,1,0,0,3,0,0,0,0,0,0,5,3,0,0,7,0,1,0,0,0,5,1,1,1,0,0,0,21,0,1,0,23,3,6,0,2,0,0,38,0,0,0,5,1,0,1,0,0,3,0,0,1,0,0,10,0,0,2,0,1,1,0,33,0,1,0,0,1,0,0,0,1,5,0,1,0,0,0,1,0,0,9,0,14,0,0,0,0,0,0,3,0,0,0,7,3,0,7,0,0,1,2,0,0,6,0,0,0,242
138,FF de baseball et softball,,1,0,0,1,1,6,0,2,0,1,1,1,1,2,0,2,4,1,1,0,3,2,3,1,4,2,1,3,2,3,2,4,0,8,5,9,0,1,3,1,2,0,1,1,3,1,1,2,0,2,3,3,0,0,2,0,3,2,1,6,3,0,4,1,3,0,1,1,3,3,0,2,1,1,1,13,4,4,7,1,2,0,1,2,1,2,2,2,1,1,0,8,4,8,7,12,1,0,2,0,0,0,0,0,0,0,4,0,0,0,228
,Total fédérations unisport olympiques,,790,657,537,276,265,1063,441,407,268,381,469,431,1840,934,251,517,871,491,416,242,305,646,897,235,592,727,640,800,586,1236,870,1513,343,1852,1257,1463,420,798,1470,382,644,499,917,369,1631,903,292,503,161,1058,686,671,286,594,888,244,1157,1209,336,2489,1097,448,1474,956,840,373,581,1443,1005,1598,331,698,769,565,929,1233,1471,1599,1502,524,725,542,324,1233,634,955,615,571,524,501,168,1322,953,776,852,975,490,433,251,858,24,250,25,38,38,108,423,45,78,2850,81133
Fédérations unisport non olympiques,,,,,,,,,,,,,,,,,,,,,,,,,,,,,,,,,,,,,,,,,,,,,,,,,,,,,,,,,,,,,,,,,,,,,,,,,,,,,,,,,,,,,,,,,,,,,,,,,,,,,,,,,,,,,,,,,
201,FF d'aéromodélisme,,11,9,6,3,5,9,4,4,5,1,6,3,16,12,2,10,12,8,5,3,2,7,9,3,8,9,11,10,6,17,10,15,8,24,13,11,7,9,20,6,13,6,6,3,14,10,4,9,1,7,5,10,2,4,17,5,8,18,4,23,14,4,20,8,7,3,6,20,16,12,6,8,6,10,9,3,11,23,14,9,6,10,6,12,6,10,6,7,7,8,3,15,8,3,7,12,5,3,2,5,1,0,0,0,0,2,1,0,0,7,869
202,FF d'aéronautique ,,0,0,0,0,0,0,0,0,0,0,0,0,0,0,0,0,0,0,0,0,0,0,0,0,0,0,0,0,0,0,0,0,0,0,0,0,0,0,0,0,0,0,0,0,0,0,0,0,0,0,0,0,0,0,0,0,0,0,0,0,0,0,0,0,0,0,0,0,0,0,0,0,0,0,0,0,0,0,0,0,0,0,0,0,0,0,0,0,0,0,0,0,0,0,0,0,0,0,0,0,0,0,0,0,0,0,0,0,0,585,585
203,FF d'aérostation,,0,0,0,0,0,0,0,0,0,0,0,0,0,0,0,0,0,0,0,0,0,0,0,0,0,0,0,0,0,0,0,0,0,0,0,0,0,0,0,0,0,0,0,0,0,0,0,0,0,0,0,0,0,0,0,0,0,0,0,0,0,0,0,0,0,0,0,0,0,0,0,0,0,0,0,0,0,0,0,0,0,0,0,0,0,0,0,0,0,0,0,0,0,0,0,0,0,0,0,0,0,0,0,0,0,0,0,0,0,76,76
204,"FF d'aïkido, d'aïkibudo et affinitaires",,12,6,5,2,0,22,8,0,5,2,9,2,22,7,3,3,13,0,3,3,2,9,6,0,11,7,12,5,11,10,23,17,0,36,19,9,2,3,13,7,5,6,9,4,15,2,7,4,3,12,1,11,0,1,13,2,4,12,3,32,6,1,8,8,11,2,9,38,27,16,1,2,1,7,13,34,14,19,27,7,1,2,0,19,8,3,5,2,2,2,4,34,19,19,25,9,4,12,9,10,0,1,0,1,0,0,6,0,1,0,924
205,FF d'aïkido et de budo,,6,1,8,5,4,7,3,5,3,1,2,4,39,13,0,1,6,5,1,2,0,12,7,3,2,13,4,3,2,16,14,18,3,14,20,11,6,5,17,3,4,7,3,1,20,10,2,3,0,3,5,2,3,1,9,7,13,25,2,18,6,2,5,0,2,2,1,2,5,30,0,8,5,6,10,16,5,10,10,2,7,3,5,14,11,9,1,6,19,8,3,13,7,8,9,18,6,0,2,9,0,2,0,0,0,0,6,1,0,110,831
206,FF du sport automobile,,6,4,3,2,1,16,3,1,2,1,2,4,9,4,3,1,5,2,0,2,4,6,1,0,2,6,4,1,2,1,7,3,1,4,7,3,2,3,3,2,3,3,8,2,6,2,3,4,1,2,6,3,1,1,4,1,2,4,3,7,4,2,5,7,5,0,3,3,8,7,4,7,4,2,6,5,6,3,4,3,3,3,1,7,4,7,4,5,4,4,0,5,4,2,1,2,3,4,2,8,0,0,0,0,0,2,4,0,0,0,366
207,FF de jeu de balle au tambourin,,0,1,0,0,0,0,0,0,0,0,2,0,5,0,0,1,0,0,2,0,0,0,0,0,0,0,0,0,0,0,1,0,0,0,31,0,0,0,0,0,0,0,0,0,0,0,0,0,0,0,0,0,0,0,0,0,0,0,0,2,3,0,0,0,0,0,0,0,0,0,0,0,0,0,0,0,0,0,0,0,0,0,0,0,0,0,0,0,0,0,0,0,0,0,0,0,0,0,0,0,0,0,0,0,0,0,0,0,0,0,48
208,FF de ballon au poing,,0,0,0,0,0,0,0,0,0,0,0,0,0,0,0,0,0,0,0,0,0,0,0,0,0,0,0,0,0,0,0,0,0,0,0,0,0,0,0,0,0,0,0,0,0,0,0,0,0,0,0,0,0,0,0,0,0,0,0,0,0,0,0,0,0,0,0,0,0,0,0,0,0,0,0,0,0,0,0,0,30,0,0,0,0,0,0,0,0,0,0,0,0,0,0,0,0,0,0,0,0,0,0,0,0,0,0,0,0,0,30
209,FF de ball-trap ,,3,3,0,0,0,0,0,0,0,0,0,0,1,6,1,7,7,6,0,3,8,4,7,2,8,5,6,7,4,1,7,11,8,18,7,3,2,12,9,6,11,6,6,1,1,5,2,6,0,1,4,7,3,1,3,6,2,4,3,17,5,4,12,3,10,9,3,4,4,2,3,5,4,3,4,0,0,1,0,0,1,0,0,0,2,1,0,0,0,0,0,3,0,0,1,1,1,0,0,0,0,0,0,0,0,0,0,0,0,172,519
210,FF de billard,,3,9,5,1,0,6,2,1,4,5,4,2,13,4,3,11,6,5,2,1,3,1,11,0,1,6,6,10,10,14,2,9,1,10,9,13,3,10,4,2,1,9,9,1,20,11,4,3,1,6,2,7,2,2,9,7,7,16,2,15,13,2,16,4,3,4,4,11,8,9,1,5,8,4,6,4,9,12,9,3,11,3,3,10,8,12,3,13,5,4,2,10,6,3,5,7,1,1,0,4,0,0,0,0,0,0,0,0,0,0,592
211,FF du sport boules,,183,12,29,6,21,36,91,0,12,1,19,17,14,7,7,11,18,15,11,0,0,10,11,0,10,8,99,10,9,0,24,46,15,11,37,0,6,7,239,23,8,3,233,58,13,8,14,10,6,0,1,4,1,0,13,2,0,7,10,9,14,5,18,29,6,11,23,2,3,281,2,69,20,55,28,18,7,19,15,4,12,15,17,13,26,5,12,23,10,12,7,17,13,8,8,9,0,0,0,0,0,0,0,0,0,0,0,2,0,15,2328
212,"FF de boxe française, savate et disciplines associées",,10,4,2,3,1,9,5,1,5,1,5,2,34,8,2,8,3,3,2,0,0,6,4,5,7,4,10,7,3,7,18,26,1,22,13,7,4,4,17,3,6,1,6,3,9,4,3,7,1,3,1,3,0,0,10,2,12,10,1,22,6,0,5,12,5,2,12,16,7,17,5,4,4,7,10,34,8,25,19,4,4,5,3,15,7,7,2,2,2,2,1,19,17,17,22,20,8,7,1,19,0,0,0,0,0,1,2,0,0,4,769
213,FF de bowling et de sports de quilles,,2,2,5,0,1,4,2,4,0,3,4,128,7,4,3,3,7,5,0,0,0,20,3,0,4,12,3,4,5,5,7,13,17,11,6,4,0,2,1,4,14,5,4,0,9,18,0,2,2,5,4,7,1,0,9,0,5,25,1,15,3,4,2,6,32,13,5,38,74,6,1,6,7,6,4,14,13,6,10,3,4,10,2,12,4,6,4,4,4,2,2,4,9,2,8,5,3,0,0,2,0,0,0,0,0,0,6,1,0,12,790
214,FF de char à voile,,0,0,0,0,0,0,0,0,0,0,3,0,1,9,0,0,4,0,0,0,0,0,6,0,0,0,0,0,0,8,1,0,0,3,0,4,0,0,0,0,1,0,0,0,5,0,0,0,0,0,11,0,0,0,0,0,3,0,0,6,0,0,16,1,0,0,0,0,0,1,0,0,0,0,0,1,1,0,0,0,3,0,0,0,0,14,0,0,0,0,0,1,0,0,0,0,0,0,0,0,0,0,0,0,0,0,0,0,0,0,103
215,FF de la course camarguaise,,0,0,0,0,0,0,0,0,0,0,0,0,42,0,0,0,0,0,0,0,0,0,0,0,0,0,0,0,0,0,62,0,0,0,37,0,0,0,0,0,0,0,0,0,0,0,0,0,0,0,0,0,0,0,0,0,0,0,0,0,0,0,0,0,0,0,0,0,0,0,0,0,0,0,0,0,0,0,0,0,0,0,0,0,3,0,0,0,0,0,0,0,0,0,0,0,0,0,0,0,0,0,0,0,0,0,0,0,0,0,144
216,FF de la course landaise,,1,0,1,0,0,0,0,0,0,0,1,1,1,0,0,0,0,0,0,0,0,0,0,0,1,0,0,0,0,0,1,1,32,3,0,1,0,1,0,0,158,0,0,0,1,0,0,2,0,0,0,0,0,0,0,0,0,0,0,0,0,0,0,0,14,5,0,0,0,0,0,0,1,0,0,0,0,0,0,0,0,0,1,0,0,0,1,0,0,0,0,0,0,0,0,0,0,0,0,0,0,0,0,0,0,0,0,0,0,0,228
217,FF de la course d'orientation,,3,1,3,2,2,2,5,1,0,0,3,5,6,3,0,1,1,1,1,0,0,5,2,1,2,3,4,1,1,2,1,3,2,4,2,2,2,2,7,3,3,0,4,1,6,1,1,4,2,1,2,4,0,1,4,1,4,2,1,4,2,1,3,2,1,1,2,3,3,7,1,2,2,2,3,2,1,11,3,0,0,3,2,5,2,1,1,1,3,2,1,3,4,0,1,3,0,0,0,0,0,0,0,0,0,0,3,0,0,0,222
218,FF de cyclotourisme,,30,19,26,12,4,16,25,14,12,39,39,11,60,34,11,30,33,28,21,3,0,37,73,7,21,18,39,30,18,53,25,46,26,53,44,88,9,33,75,16,36,36,40,16,61,37,20,13,7,54,20,27,11,25,35,7,54,43,20,82,36,27,70,31,49,20,30,42,27,60,7,17,37,32,29,24,47,53,64,38,21,20,25,52,51,35,46,10,12,20,3,60,31,18,32,30,2,0,0,6,0,0,0,0,0,0,3,0,3,1,3043
219,FF de danse,,0,0,0,0,0,0,0,0,0,0,0,0,0,0,0,0,0,0,0,0,0,0,0,0,0,0,0,0,0,0,0,0,0,0,0,0,0,0,0,0,0,0,0,0,0,0,0,0,0,0,0,0,0,0,0,0,0,0,0,0,0,0,0,0,0,0,0,0,0,0,0,0,0,0,0,0,0,0,0,0,0,0,0,0,0,0,0,0,0,0,0,0,0,0,0,0,0,0,0,0,0,0,0,0,0,0,0,0,0,1792,1792
220,FF des échecs,,11,10,5,3,3,12,2,9,1,3,11,5,19,11,2,6,5,2,7,2,7,6,9,1,5,4,3,6,5,14,9,19,6,13,20,15,3,12,10,4,4,6,6,1,16,6,4,4,2,6,5,5,2,10,11,1,10,21,1,27,12,4,14,4,8,4,7,31,25,21,3,7,11,5,8,46,15,17,20,4,6,8,3,15,9,10,4,4,6,2,2,17,27,14,14,18,6,8,6,16,0,0,0,0,0,1,3,1,0,2,916
221,FF d'études et sports sous-marins,,22,14,9,5,5,66,8,7,5,7,20,6,126,22,2,7,23,7,6,45,36,15,27,2,5,13,17,15,9,48,28,70,3,65,57,32,5,17,66,10,17,6,23,3,39,23,5,9,2,21,12,10,5,7,28,5,27,30,3,58,17,6,24,16,18,2,40,36,21,66,8,10,13,16,32,63,37,48,45,8,19,11,6,117,24,18,8,15,10,7,5,62,56,33,44,35,50,42,3,48,1,12,4,3,1,39,21,2,30,6,2543
222,FF de football américain,,0,2,1,0,2,3,0,1,0,1,1,1,7,1,0,1,5,0,1,1,2,4,2,0,3,2,3,1,2,4,2,8,0,7,5,1,1,2,2,1,2,2,4,0,3,4,1,1,0,2,1,2,4,1,2,0,2,2,1,10,5,1,4,5,7,0,2,5,4,4,0,6,1,1,3,5,5,9,3,1,2,1,1,5,3,2,1,1,1,2,1,4,5,6,9,4,0,0,0,0,0,0,0,0,0,0,1,0,3,0,247
224,FF de giraviation,(E) ,0,0,0,0,0,0,0,0,0,0,0,0,0,0,0,0,0,0,0,0,0,0,0,0,0,0,0,0,0,0,0,0,0,0,0,0,0,0,0,0,0,0,0,0,0,0,0,0,0,0,0,0,0,0,0,0,0,0,0,0,0,0,0,0,0,0,0,0,0,0,0,0,0,0,0,0,0,0,0,0,0,0,0,0,0,0,0,0,0,0,0,0,0,0,0,0,0,0,0,0,0,0,0,0,0,0,0,0,0,60,60
226,FF de javelot tir sur cible,,0,1,0,0,0,0,0,0,0,0,0,0,0,0,0,0,0,0,0,0,0,0,0,0,0,0,0,0,0,0,0,0,0,0,0,0,0,0,0,0,0,0,0,0,0,0,0,0,0,0,0,0,0,0,0,0,0,0,0,15,0,0,37,0,0,0,0,0,0,0,0,0,0,0,0,0,0,0,0,0,8,0,0,0,0,0,0,0,0,0,0,0,0,0,0,0,0,0,0,0,0,0,0,0,0,0,0,0,0,0,61
227,FF de jeu de paume,,0,0,0,0,0,0,0,0,0,0,0,0,0,0,0,0,0,0,0,0,0,0,0,0,0,0,0,0,0,0,0,0,0,0,0,0,0,0,0,0,0,0,0,0,0,0,0,0,0,0,0,0,0,0,0,0,0,0,0,0,0,0,0,0,0,0,0,0,0,0,0,0,0,0,0,0,0,0,0,0,0,0,0,0,0,0,0,0,0,0,0,0,0,0,0,0,0,0,0,0,0,0,0,0,0,0,0,0,0,32,32
228,FF de joutes et sauvetage nautique,,3,1,0,0,0,3,1,0,0,0,3,1,11,0,0,0,0,0,0,0,0,0,0,0,0,0,5,0,0,0,1,0,0,0,26,0,0,0,1,0,0,0,5,0,0,1,0,0,0,0,0,0,0,0,0,0,0,0,2,2,1,0,2,0,0,0,1,1,0,16,0,3,0,0,5,0,0,2,1,0,0,0,0,9,1,0,0,0,0,1,0,1,0,0,0,0,0,0,0,0,0,0,0,0,0,0,0,0,0,0,110
231,FF de longue paume,,0,0,0,0,0,0,0,0,0,0,0,0,0,0,0,0,0,0,0,0,0,0,0,0,0,0,0,0,0,0,0,0,0,0,0,0,0,0,0,0,0,0,0,0,0,0,0,0,0,0,0,0,0,0,0,0,0,0,0,0,0,0,0,0,0,0,0,0,0,0,0,0,0,0,0,0,0,0,0,0,0,0,0,0,0,0,0,0,0,0,0,0,0,0,0,0,0,0,0,0,0,0,0,0,0,0,0,0,0,26,26
233,FF de motocyclisme,,18,11,11,8,6,17,16,9,3,14,4,12,26,12,6,14,19,9,12,8,7,15,18,9,22,22,12,18,12,12,26,21,7,33,9,20,6,8,16,13,10,9,16,17,26,21,9,12,6,10,13,12,9,4,7,8,16,14,7,18,16,7,12,27,19,5,7,8,12,21,9,16,16,11,10,5,17,14,10,13,15,10,9,18,30,26,10,14,11,17,4,17,8,3,9,7,6,2,2,14,0,0,0,1,0,0,5,2,0,0,1280
234,FF de motonautique,,1,0,0,0,0,0,0,0,0,0,0,0,1,1,0,0,2,0,0,1,0,0,0,0,0,0,1,0,0,0,0,2,0,2,1,0,0,0,1,1,0,1,0,0,0,1,1,2,0,1,0,0,0,0,1,0,0,0,0,0,0,0,0,0,0,0,0,0,0,0,0,2,0,0,2,0,4,1,2,0,0,0,0,1,1,0,0,0,0,0,0,1,0,0,1,1,2,1,0,0,0,0,0,0,0,0,2,0,0,69,111
237,FF de parachutisme,,0,0,0,1,5,2,0,1,2,1,3,1,7,1,1,2,2,3,2,2,1,1,2,0,0,5,0,0,1,3,3,3,0,5,2,3,3,2,3,1,1,0,2,1,2,2,1,2,0,4,1,0,1,1,3,0,4,9,1,4,3,0,1,4,4,7,1,2,3,2,0,3,0,1,5,10,3,0,4,3,3,2,3,4,2,2,2,0,0,1,0,4,3,2,1,3,0,0,0,3,0,0,0,0,0,1,4,1,1,1,212
241,FF de pelote basque,,0,0,0,0,0,2,0,0,1,0,1,0,0,0,0,0,1,0,0,0,0,0,0,0,1,0,0,0,0,0,0,13,6,10,0,0,0,0,0,0,24,0,0,0,0,0,0,2,0,0,0,0,0,0,0,0,0,0,0,2,0,0,1,1,31,6,0,0,0,0,0,0,0,0,0,4,0,0,0,0,0,2,0,0,0,0,0,0,0,0,0,2,1,0,0,0,0,0,0,1,0,0,0,0,0,0,0,1,0,180,293
242,FF de pétanque et jeu provençal,,43,52,98,31,21,101,78,29,43,13,118,102,153,44,40,69,60,48,53,17,15,44,24,18,57,34,68,35,21,66,120,235,86,148,183,44,29,42,79,29,82,34,61,72,66,45,64,91,19,63,41,24,7,40,59,11,31,98,44,78,67,27,28,136,52,40,79,63,16,68,30,74,38,20,34,38,64,90,47,36,23,98,85,109,74,55,44,62,37,43,8,63,37,41,45,58,24,49,9,85,3,13,1,1,4,37,21,1,0,4,5801
243,FF de planeur ultra léger motorisé ,,13,11,12,10,17,5,5,4,5,4,5,10,12,8,3,9,20,6,6,2,5,15,6,2,13,9,17,7,10,7,15,21,16,27,15,6,10,13,18,4,8,15,17,4,15,15,4,11,4,10,3,11,2,4,18,6,12,21,6,21,6,7,22,16,7,9,12,18,13,8,6,12,6,10,12,8,14,20,11,8,7,12,11,19,7,13,12,7,9,12,1,17,5,2,1,16,2,1,5,15,0,1,0,0,0,4,11,0,6,0,1031
244,FF de pulka et traineau à chiens,,0,1,1,0,0,1,0,0,0,0,0,0,0,1,0,1,0,0,1,0,0,0,0,0,0,0,0,1,0,0,0,0,0,0,1,0,0,1,2,0,0,1,0,0,0,0,1,0,0,0,0,0,0,0,0,0,1,0,0,1,0,0,0,2,0,0,0,0,1,0,0,0,0,0,0,0,1,1,1,0,1,0,0,0,0,0,0,0,0,3,0,0,0,0,0,0,0,0,0,0,0,0,0,0,0,0,0,0,0,0,25
245,FF de la randonnée pédestre,,32,10,25,28,12,78,28,6,11,17,40,63,115,29,8,26,33,16,20,6,9,56,64,12,35,29,48,31,21,39,62,44,20,66,74,79,19,46,35,19,35,28,72,13,62,65,25,42,15,46,23,23,13,29,44,13,52,32,21,79,27,12,59,16,31,11,61,15,3,48,16,24,36,23,43,31,51,83,48,38,25,50,26,88,46,40,41,21,7,26,2,64,41,33,27,40,14,24,1,37,0,0,0,1,0,3,0,0,0,1,3477
248,FF de rugby à XIII,,2,0,1,0,0,0,0,0,1,0,17,4,11,0,0,0,0,0,0,0,0,0,0,0,0,0,0,0,0,0,0,15,0,4,5,0,0,0,1,0,0,0,3,0,6,0,3,8,0,0,0,0,0,0,0,0,0,0,0,0,1,0,0,0,1,0,22,0,0,7,0,0,0,0,0,0,0,0,0,0,0,13,2,2,17,0,0,0,0,0,0,3,3,1,0,0,0,0,0,0,0,0,0,0,0,0,0,0,0,2,155
249,FF de sauvetage et secourisme,,7,1,3,1,1,3,0,1,1,3,5,2,9,1,0,2,4,0,0,0,0,1,6,0,1,2,2,3,1,6,3,7,0,9,8,7,0,3,13,1,9,3,2,0,8,2,1,1,0,3,1,0,0,0,2,1,3,1,0,15,1,0,7,2,6,3,4,5,4,5,0,0,1,1,8,5,3,1,2,3,2,4,1,9,2,2,3,0,2,2,1,3,3,2,1,3,4,2,1,3,0,1,0,0,0,0,1,0,0,0,282
250,FF de ski nautique et wake board,,5,0,3,0,3,4,1,0,2,1,2,0,4,2,3,2,2,0,3,0,0,6,2,1,4,2,0,5,2,2,2,8,2,15,5,0,2,2,3,1,1,1,0,0,7,2,2,3,0,6,0,2,1,3,2,0,1,5,0,1,3,1,2,2,4,0,6,4,3,5,0,4,1,3,10,3,0,7,5,1,2,3,2,3,1,3,2,3,0,4,0,5,1,3,5,3,1,0,0,2,0,0,0,1,0,1,0,0,0,1,248
251,FF de spéléologie,,15,2,0,2,2,14,11,2,6,1,6,6,16,2,1,5,1,2,2,0,2,9,0,0,7,14,8,3,1,1,10,10,2,4,12,1,1,2,15,8,1,1,4,1,3,3,12,3,3,0,0,3,1,3,4,3,0,3,2,4,3,0,0,2,11,3,7,1,5,13,4,3,2,6,7,5,6,2,2,3,0,5,1,14,10,0,4,1,3,1,3,5,4,3,4,4,1,1,0,5,0,0,0,0,0,1,0,0,0,0,415
252,FF de squash,,1,0,1,1,0,3,1,0,0,1,2,0,7,2,0,2,5,1,2,1,5,2,1,0,1,1,1,2,2,2,3,8,0,10,5,3,1,5,7,0,3,1,4,0,4,2,0,1,0,1,2,0,0,0,3,0,3,1,0,9,1,1,2,2,4,1,0,4,2,5,0,1,3,0,3,6,6,4,8,2,1,2,2,3,2,1,1,1,1,0,0,4,10,2,6,2,0,1,1,9,0,0,0,0,0,0,3,1,0,0,231
254,Fédération française des Arts Energétiques et Martiaux Chinois (ancien WUSHU),,9,2,5,1,1,16,5,0,0,3,6,0,23,4,0,0,12,1,0,0,0,5,2,1,2,5,4,4,4,9,10,15,1,23,20,10,1,11,13,2,9,0,3,0,14,19,2,5,1,4,3,2,3,0,1,0,4,0,0,18,7,3,0,4,15,3,5,13,6,27,1,6,4,3,6,54,4,14,29,2,2,1,0,15,6,3,4,3,3,4,4,33,23,9,20,15,2,5,3,15,0,1,0,0,0,0,0,0,0,0,695
255,FF des sports de traîneau,,2,0,0,0,1,0,0,0,0,0,0,0,0,0,1,0,1,0,1,1,0,0,0,1,0,0,1,1,0,1,0,0,0,2,0,1,0,2,6,1,1,1,0,1,1,0,0,0,0,0,0,1,0,0,0,0,0,0,0,2,1,0,1,0,0,2,0,2,1,0,1,0,0,1,1,0,1,0,1,0,0,1,0,0,2,0,0,0,1,1,0,0,0,0,0,0,1,0,0,0,0,0,0,0,0,0,0,0,0,0,48
256,FF de twirling bâton,,4,5,4,2,3,5,1,2,2,3,3,4,12,6,1,0,8,4,1,1,2,3,13,1,2,2,10,9,4,9,3,8,1,15,6,9,0,4,10,2,6,3,5,1,8,5,3,3,0,2,3,3,1,3,4,2,4,10,6,9,13,2,10,10,0,0,3,9,3,9,1,5,9,1,4,1,9,13,12,3,4,3,3,10,5,8,5,3,8,0,1,8,6,6,9,8,12,10,1,13,0,0,0,0,0,0,2,0,0,6,513
257,FF de vol à voile,,2,2,2,6,3,0,0,1,1,1,2,1,2,2,0,2,2,1,0,0,1,1,1,2,1,1,4,0,3,0,2,4,3,3,2,1,2,1,3,0,3,2,1,2,0,3,1,2,2,3,1,2,2,2,4,0,1,2,1,4,1,1,1,2,2,1,2,2,2,2,0,1,1,2,1,0,2,2,1,4,3,1,1,2,2,3,2,1,2,2,1,2,0,1,0,3,0,0,0,0,0,0,0,0,0,0,0,0,0,0,159
258,FF de vol libre,,8,4,2,17,28,19,6,2,11,2,15,10,20,9,5,3,9,3,4,7,3,3,10,2,3,8,10,2,1,10,6,18,3,12,25,3,0,1,42,6,6,0,8,5,10,1,5,2,2,2,3,4,2,1,9,1,12,5,1,9,1,1,14,14,9,10,7,9,12,8,2,6,0,38,69,5,11,5,8,1,7,4,5,26,7,11,3,2,13,2,1,10,7,1,4,5,9,11,5,18,0,0,0,3,2,12,6,1,0,1,846
260,FF de polo,,0,0,0,0,0,0,0,0,0,0,1,0,2,3,0,0,0,0,0,0,0,0,0,0,0,0,0,0,0,1,0,2,1,2,1,0,0,1,0,0,0,0,0,0,1,2,0,0,0,1,0,0,0,0,0,0,0,0,0,1,1,0,1,0,0,0,0,0,0,0,0,0,0,0,1,1,0,1,2,0,0,0,0,2,0,0,0,0,0,0,0,2,0,0,0,0,0,0,0,0,0,0,0,0,0,0,0,0,1,0,31
261,"FF de kick-boxing, muay-thaï et disciplines associées",,14,5,6,5,0,37,8,4,3,7,7,4,73,14,4,3,11,3,1,7,8,7,5,2,5,18,9,15,9,21,20,23,3,46,35,12,1,15,30,6,9,0,22,7,26,10,0,5,1,6,5,13,1,1,10,2,11,25,1,38,8,2,21,9,13,4,12,13,7,42,4,4,6,7,8,26,34,19,34,1,4,5,3,33,17,9,0,5,11,5,4,26,17,36,19,36,2,8,7,57,0,11,0,0,0,0,3,2,0,13,1306
264,Fédération Flying Disc France,,1,0,1,1,0,2,0,0,0,1,0,1,3,1,0,0,2,1,0,0,0,2,1,0,0,4,2,0,2,2,1,2,0,2,3,1,0,1,1,0,0,3,2,0,6,1,0,1,0,1,0,2,0,1,2,0,1,2,0,1,0,0,3,1,2,1,1,3,0,3,1,1,2,1,1,2,2,5,4,1,1,0,0,0,1,5,1,1,0,0,1,1,1,1,1,3,0,1,0,0,0,0,0,0,0,0,0,0,0,0,113
265,Fédération nautique de pêche sportive en apnée,,0,0,0,0,0,3,0,0,0,0,1,0,6,1,0,0,0,0,0,0,1,0,0,0,0,0,0,1,0,2,1,2,0,2,3,0,0,0,0,0,0,0,0,0,0,0,0,0,0,0,2,0,0,0,0,0,1,0,0,1,0,0,0,0,3,0,0,0,0,0,0,0,0,0,0,1,0,0,0,0,0,0,0,1,0,0,0,0,0,0,0,0,0,0,0,0,1,0,0,0,0,1,0,0,0,0,2,0,0,0,36
266,FF de force,,1,0,4,0,1,3,0,1,0,2,3,0,6,2,0,3,4,2,1,0,0,1,2,0,1,0,2,3,2,2,2,2,0,9,5,13,6,1,4,0,0,3,2,3,8,2,0,1,0,3,3,3,0,0,2,2,2,4,4,8,5,2,10,3,2,0,3,0,0,5,0,1,1,3,0,3,3,6,1,0,6,3,2,9,4,1,2,6,1,3,0,2,2,4,3,3,0,0,0,7,0,0,0,0,0,0,4,1,0,0,249
267,FF des pêches sportives,,7,10,6,0,0,7,1,6,2,3,3,5,15,3,0,5,13,10,8,1,3,8,7,7,7,6,2,7,13,2,2,5,9,17,8,10,8,10,12,2,17,8,5,2,23,10,1,1,0,7,3,5,3,4,3,3,4,13,8,41,5,3,34,5,4,2,6,9,10,8,8,26,11,0,2,1,11,6,7,6,14,3,8,7,5,13,10,16,4,5,4,8,2,0,10,1,0,0,1,2,0,0,0,0,0,0,0,0,0,50,738
,Total fédérations unisport non olympiques,,491,215,293,158,153,533,320,116,148,142,378,417,956,293,112,249,359,197,179,119,126,321,342,82,252,272,427,257,196,397,534,773,283,764,781,427,141,293,798,186,511,210,595,223,534,353,205,279,81,296,187,212,81,150,345,98,316,464,159,728,317,132,490,394,398,186,386,432,335,841,125,348,261,287,397,478,425,552,483,211,258,316,239,680,410,335,244,239,198,207,69,548,380,283,352,384,170,193,61,413,5,43,5,11,7,104,120,17,45,3228,36549
Fédérations multisports,,,,,,,,,,,,,,,,,,,,,,,,,,,,,,,,,,,,,,,,,,,,,,,,,,,,,,,,,,,,,,,,,,,,,,,,,,,,,,,,,,,,,,,,,,,,,,,,,,,,,,,,,,,,,,,,,
401,FF des clubs alpins et de montagne,,11,1,3,3,8,12,5,1,2,2,3,3,9,1,3,2,1,1,2,2,1,3,0,1,3,5,9,2,1,1,6,7,1,6,5,3,1,1,27,3,0,2,5,3,5,3,3,1,4,4,2,4,1,0,2,1,1,1,0,5,5,1,4,5,9,5,8,3,3,8,2,6,7,27,35,7,2,2,2,2,1,4,1,8,6,1,1,1,5,3,2,2,2,1,1,1,0,0,0,1,0,0,0,0,0,0,0,0,0,2,394
402,FF d'éducation physique et de gymnastique volontaire,,0,0,0,0,0,0,0,0,0,0,0,0,0,0,0,0,0,0,0,0,0,0,0,0,0,0,0,0,0,0,0,0,0,0,0,0,0,0,0,0,0,0,0,0,0,0,0,0,0,0,0,0,0,0,0,0,0,0,0,0,0,0,0,0,0,0,0,0,0,0,0,0,0,0,0,0,0,0,0,0,0,0,0,0,0,0,0,0,0,0,0,0,0,0,0,0,0,0,0,0,0,0,0,0,0,0,0,0,0,5795,5795
403,FF sport pour tous,,20,42,51,6,22,25,37,57,20,2,7,33,82,26,1,8,7,3,5,6,11,22,86,33,18,54,11,23,10,75,41,35,3,63,32,49,5,11,42,41,14,9,17,2,114,53,4,9,3,36,3,45,3,2,35,7,90,104,5,111,53,5,46,17,10,3,15,140,56,20,2,9,11,19,53,47,69,42,55,0,87,12,16,44,29,24,3,9,19,6,4,32,25,14,29,14,0,1,25,38,0,5,0,0,0,0,23,0,0,0,2922
404,FF de la retraite sportive,,11,1,21,3,5,8,0,0,1,0,1,10,29,5,11,0,4,0,2,0,0,1,0,4,0,8,2,0,0,1,9,13,11,5,15,7,1,2,22,8,0,1,4,3,10,1,2,1,5,1,0,0,0,11,1,0,0,0,0,4,4,5,2,6,9,2,3,1,1,26,1,9,15,1,3,2,1,7,3,0,2,1,2,15,2,24,2,11,0,0,0,7,6,3,4,6,0,0,0,0,0,0,0,0,0,0,0,0,0,0,451
405,FF du sport travailliste,,4,1,1,2,1,30,3,2,0,6,4,3,54,0,0,5,7,3,1,1,2,6,6,1,1,1,2,5,3,12,7,18,2,12,20,8,0,3,20,1,7,1,5,1,23,5,0,3,1,2,1,4,1,1,9,3,6,8,0,22,2,0,18,1,5,1,10,6,8,11,0,4,6,5,11,29,5,14,25,3,1,5,0,17,6,10,4,4,4,2,1,26,11,12,14,8,2,1,7,19,0,0,1,0,0,1,10,1,0,0,692
406,F des clubs  de la défense,,3,2,3,1,2,5,1,1,1,4,2,1,15,2,1,5,4,6,4,2,3,7,0,2,2,3,3,4,5,5,5,10,2,15,3,6,4,4,7,0,5,3,3,0,4,9,2,3,0,3,4,5,4,0,4,2,8,7,1,4,4,1,0,6,6,3,3,6,3,7,1,3,2,2,4,13,2,5,16,4,3,1,3,19,3,1,4,2,1,1,2,11,5,3,6,1,3,3,4,5,1,3,0,1,0,6,3,0,1,4,417
407,F nationale du sport en milieu rural,,4,10,5,1,0,3,11,0,3,2,4,4,27,6,1,1,6,3,3,1,0,12,17,0,6,1,12,5,0,13,7,22,3,26,35,7,0,2,14,0,16,0,3,0,15,1,0,6,8,10,2,3,0,1,1,1,11,8,0,30,14,1,39,2,3,0,21,1,2,4,0,0,7,7,1,0,63,29,9,13,3,2,1,9,5,60,0,0,2,1,0,1,0,0,0,1,0,3,2,5,1,0,0,0,0,0,0,0,0,0,705
408,F sportive et culturelle de France,,13,1,2,0,2,4,9,8,0,9,1,0,16,9,3,3,8,4,0,0,0,17,11,0,16,29,2,1,15,11,1,13,1,19,1,62,0,5,37,10,15,6,50,7,65,23,0,3,0,76,8,15,3,20,21,10,69,28,0,44,13,9,10,13,25,2,1,119,78,43,6,10,13,29,7,34,7,12,15,10,3,1,0,3,1,26,9,6,13,17,6,24,7,13,16,21,3,2,0,2,0,0,0,0,0,0,0,0,0,1,1436
409,FF Maccabi ,,0,0,0,0,0,1,0,0,0,0,0,0,2,0,0,0,0,0,0,0,0,0,0,0,0,0,0,0,0,0,0,1,0,0,1,0,0,0,0,0,0,0,0,0,0,0,0,0,0,0,0,0,0,0,0,0,0,1,0,0,1,0,0,0,0,0,0,1,0,0,0,0,0,0,0,5,0,0,2,0,0,0,0,0,0,0,0,0,0,0,0,0,3,0,4,2,0,0,0,0,0,0,0,0,0,0,0,0,0,0,24
410,F sportive et gymnique du travail (FSGT),,40,3,23,4,11,303,45,1,8,18,14,3,448,37,2,1,12,4,1,6,22,22,64,1,5,18,14,5,7,189,86,288,8,55,58,15,2,66,176,4,7,2,166,14,14,1,6,6,1,9,2,17,4,7,7,2,11,7,11,81,10,55,43,13,21,21,11,60,48,201,3,38,65,71,117,417,104,55,86,6,20,20,14,23,9,2,3,0,7,11,4,90,116,165,202,68,11,7,0,20,0,0,1,1,0,1,1,3,0,0,4708
411,F sportive de la police nationale,,0,0,0,0,0,0,0,0,0,0,0,0,0,0,0,0,0,0,0,0,0,0,0,0,0,0,0,0,0,0,0,0,0,0,0,0,0,0,0,0,0,0,0,0,0,0,0,0,0,0,0,0,0,0,0,0,0,0,0,0,0,0,0,0,0,0,0,0,0,0,0,0,0,0,0,0,0,0,0,0,0,0,0,0,0,0,0,0,0,0,0,0,0,0,0,0,0,0,0,0,0,0,0,0,0,0,0,0,0,443,443
413,Union française des œuvres laïques d'éducation physique (UFOLEP),,28,72,47,56,24,37,28,63,34,85,49,60,157,81,29,110,75,73,74,16,2,40,50,133,144,7,61,36,149,75,68,72,33,223,93,71,152,111,116,39,59,81,120,113,174,114,37,104,25,46,22,112,44,29,76,53,18,95,75,317,107,17,324,252,94,49,95,26,7,182,27,48,25,41,49,38,50,148,92,68,125,79,48,47,54,92,83,123,40,115,3,116,28,19,43,75,56,35,8,70,0,24,0,0,0,0,0,1,0,103,7713
415,FF omnisports des personnels de l'éducation nationale de la jeunesse et sports (2F OPEN-JS),,1,0,0,1,0,1,0,1,1,0,0,0,1,1,1,1,1,1,0,0,0,0,1,1,1,0,0,0,1,1,0,1,1,1,1,1,1,1,1,0,0,0,1,0,1,1,0,1,0,1,1,1,0,1,1,1,1,0,2,0,0,0,2,0,1,1,0,1,0,1,1,0,1,1,1,1,1,0,1,1,1,1,0,1,0,1,1,1,1,0,0,0,1,0,1,0,0,0,0,1,0,0,0,0,0,0,0,0,0,0,61
417,Union nationale sportive Léo Lagrange,,0,1,0,1,1,1,0,4,3,1,5,0,17,1,0,0,0,0,0,0,0,3,1,0,0,0,3,0,1,11,1,7,1,8,9,6,0,3,9,0,5,1,3,0,7,1,2,6,0,1,1,1,1,1,4,0,2,1,2,25,20,1,18,0,12,2,3,2,2,9,0,3,2,1,2,24,4,2,1,0,10,4,2,6,4,0,0,0,5,1,0,4,6,5,7,4,1,0,0,0,0,0,0,0,0,0,0,0,0,0,329
418,FF du sport d'entreprise ,,2,3,1,1,2,10,1,1,1,2,3,2,18,8,2,2,8,4,3,5,4,22,2,1,1,10,9,1,1,9,8,10,1,12,13,18,1,5,9,1,2,2,4,1,34,11,1,1,5,10,7,5,4,1,21,1,3,5,1,13,3,1,8,14,7,3,3,39,13,27,2,2,3,3,6,272,9,19,30,1,3,2,3,9,4,4,6,4,2,2,1,35,123,56,70,31,3,15,2,3,0,0,0,0,0,2,2,2,0,2,1200
420,Fédération sportive des ASPTT,,2,3,3,2,2,6,2,1,1,1,2,2,7,2,3,2,3,1,5,1,3,1,2,1,2,3,4,1,1,3,3,3,1,2,4,3,1,1,2,3,2,1,2,1,4,1,1,2,1,2,1,3,1,1,2,2,2,3,1,3,2,2,2,1,2,1,1,4,3,3,1,2,1,1,2,14,4,1,2,1,2,3,1,4,3,1,1,1,1,1,1,2,0,0,5,2,0,1,1,1,0,0,0,0,0,0,0,0,0,0,212
421,FF des sports populaires,,0,1,0,1,0,1,0,32,0,0,0,0,11,0,0,0,0,0,0,0,0,0,0,0,0,2,0,0,0,1,0,1,0,0,0,0,0,0,0,0,0,0,0,0,0,0,0,0,0,0,0,0,1,0,11,5,0,113,0,1,0,0,1,0,0,0,1,84,100,0,8,2,0,0,0,0,0,1,0,0,0,0,0,0,1,1,0,0,36,0,13,0,0,0,0,1,0,0,0,0,0,0,0,0,0,0,0,0,0,0,430
501,FF handisport,,22,21,8,2,5,18,7,11,9,6,10,16,39,14,1,7,15,3,4,1,1,17,18,1,10,14,13,10,5,7,19,43,8,35,24,14,6,16,29,8,7,6,13,2,29,9,8,6,3,12,4,11,6,9,14,4,16,15,14,45,13,4,29,11,15,7,14,14,12,25,13,23,11,23,12,27,13,26,18,19,18,17,3,15,5,15,12,11,6,5,8,22,33,12,19,17,5,10,4,12,0,0,0,0,0,0,9,1,6,6,1350
503,FF du sport adapté,,11,9,10,4,3,13,5,6,9,3,8,14,25,10,9,15,20,14,18,0,1,4,13,4,14,15,10,20,7,28,25,26,14,43,15,14,2,8,25,5,7,9,6,11,31,16,16,17,17,24,14,9,5,7,4,3,10,9,0,30,15,4,25,12,26,10,6,18,14,12,1,7,20,12,15,15,13,12,18,12,14,24,13,10,6,22,17,9,5,7,3,35,14,10,8,13,1,1,1,8,0,0,0,0,0,0,7,1,0,22,1262
601,FF du sport universitaire,,0,2,4,0,0,9,0,0,0,7,1,1,29,8,0,0,4,2,7,0,4,8,5,0,0,14,3,0,0,9,2,44,0,35,28,28,0,3,12,0,0,0,7,0,18,10,0,0,0,10,2,19,0,1,35,0,3,6,1,41,2,1,8,21,6,2,1,13,1,30,0,6,4,5,2,50,18,7,7,0,8,3,0,2,2,0,14,16,2,1,3,11,11,7,18,7,0,2,0,9,0,0,0,0,0,0,1,0,0,34,757
602,Fédération Sportive Educative de l'Enseignement Catholique (UGSEL),,54,21,3,0,2,8,115,2,0,0,9,43,50,87,17,1,0,4,1,0,0,0,178,0,4,8,65,0,38,269,28,40,19,109,0,335,0,64,79,9,4,16,34,57,360,52,1,28,39,304,90,40,4,128,48,18,311,28,0,359,40,58,125,10,45,3,11,28,1,113,6,0,90,22,94,115,1,2,70,0,3,31,6,2,46,268,0,0,17,0,4,11,74,26,24,7,22,9,10,0,0,0,2,0,0,0,0,0,0,2,4981
603,Union nationale des clubs universitaires,,0,0,0,0,0,1,0,0,0,0,0,0,3,1,0,0,0,0,0,0,0,1,0,0,0,1,1,0,0,1,1,1,0,1,1,1,0,0,1,0,0,0,1,0,1,1,0,0,0,0,1,1,0,0,1,0,0,1,0,2,0,0,0,1,1,0,0,1,0,1,0,0,0,0,0,1,1,0,0,0,1,0,0,0,1,0,1,1,0,0,0,1,0,0,0,0,0,0,0,0,0,0,0,0,0,0,0,0,0,1,36
604,Union nationale du sport scolaire (UNSS),,74,96,63,34,27,131,50,62,30,53,47,55,245,103,40,67,93,44,52,23,24,79,78,31,70,86,64,99,63,101,75,158,42,170,138,94,43,78,146,54,65,40,127,56,129,86,34,47,18,72,83,88,44,40,106,38,72,147,47,308,103,54,203,117,142,49,58,146,103,205,44,94,80,68,73,252,202,209,187,77,101,71,36,118,75,53,75,65,70,56,24,154,174,208,164,182,72,77,45,134,0,32,1,2,0,0,0,6,96,0,9286
605,Union sportive de l'enseignement du premier degré,,92,11,25,36,28,21,60,34,50,24,114,104,253,24,103,74,47,35,142,24,0,67,71,52,34,86,72,20,77,61,121,42,26,135,79,59,87,119,108,59,105,100,110,57,154,131,37,49,55,162,19,35,10,73,131,43,103,237,61,325,36,47,311,95,100,17,141,41,123,247,74,16,103,147,235,134,32,127,156,173,217,106,60,38,56,30,69,146,83,21,30,187,13,77,33,84,75,42,5,117,0,1,0,4,0,80,1,0,0,109,8712
,Total fédérations multisports,,392,301,273,158,145,648,379,287,173,225,284,354,1537,426,227,304,315,205,324,88,78,332,603,266,331,365,360,232,384,883,513,855,177,975,575,801,306,503,882,245,320,280,681,328,1192,529,154,293,185,785,267,418,136,333,534,194,737,824,221,1770,447,266,1218,597,539,181,406,754,578,1175,192,282,466,485,722,1497,601,720,795,390,623,387,209,390,318,635,305,410,319,250,109,771,652,631,668,545,254,209,114,445,2,65,5,8,0,90,57,15,103,6524,54316
